code,name,credits
CHE3200,Thực tập hoá dầu,2
CHE3255,Thực tập công nghệ kĩ thuật hoá học,2
CHE3047,Công nghệ hóa dầu,2
CHE3263E,Các phương pháp xử lý nước và nước thải,2
CHE3264,Xử lý khí thải,2
CHE3198,Thực tập hoá môi trường,2
CHE3046E,Công nghệ lọc dầu,2
CHE3257,Thiết kế thiết bị công nghệ hóa học,2
CHE3267,Các Phương pháp tổng hợp vật liệu,2
CHE3073,Tin học ứng dụng trong công nghệ hóa học,2
CHE1067,Hóa học các hợp chất cao phân tử,2
CHE2147E,Hoá học xanh,3
CHE3251E,Kĩ thuật phản ứng hóa học,3
CHE3303E,Phương pháp nghiên cứu khoa học,3
CHE1062,Thực tập hóa kỹ thuật,2
CHE3301,Thực tập các phương pháp phân tích cấu trúc và định lượng,2
CHE1065E,Cơ sở hóa học vật liệu,3
CHE1075E,Cơ sở hóa sinh,3
CHE1077,Hóa học vô cơ 1,3
CHE1082,Cơ sở hóa học phân tích,3
CHE1054,Thực tập hóa học vô cơ 1,2
CHE1129,Hóa học hữu cơ,4
HIS1001,Lịch sử Đảng cộng sản Việt Nam,2
HUS1011,Tin học cơ sở,3
HUS1022,Nhập môn Internet kết nối vạn vật,2
PHY1103,Điện - Quang,3
CHE1132,Hóa học đại cương 2,4
CHE1051,Hóa học đại cương 1,3
HUS1021,Khoa học trái đất và sự sống,3
THL1057,Nhà nước và pháp luật đại cương,2
VNU1001,Nhập môn công nghệ số và ứng dụng trí tuệ nhân tạo,3
PHY1334,Vật lý xạ trị lâm sàng,3
PHY3161,Cơ sở thủy nhiệt lò phản ứng,3
PHY3371,Phân tích an toàn lò phản ứng hạt nhân,3
PHY3434,Mô phỏng lò phản ứng sử dụng phương pháp Monte Carlo,3
PHY3439,Thực tế khóa luận,3
PHY3454,Thực tập thực tế,3
PHY3803,Các phương pháp phân tích hạt nhân,3
PHY3804,Thực tập Vật lý hạt nhân 2,2
PHY3811,Ứng dụng kỹ thuật hạt nhân trong y học,3
PHY3812,"Ứng dụng kỹ thuật hạt nhân phân tích môi trường, địa chất",3
PHY1110,Xác suất thống kê cho vật lý hạt nhân,3
PHY3173,Điện tử hạt nhân,3
PHY3296,Tiểu luận,3
PHY3364,Thực tập Vật lý hạt nhân 1,2
PHY3426,Ghi nhận và đo lường bức xạ hạt nhân,4
PHY3427,Mở đầu vật lý hạt nhân ứng dụng,3
PHY3802,An toàn bức xạ,4
PHI1002,Chủ nghĩa xã hội khoa học,2
PHY1314,Điện và từ học,3
PHY1348,Phương pháp toán cho Vật lý,3
PHY2308,Thực hành Vật lý đại cương 2,2
PHY3503,Tiếng Anh chuyên ngành,2
POL1001,Tư tưởng Hồ Chí Minh,2
HUS1024,Nhập môn Robotics,3
PHY1050,Cơ học,3
PHY1107,Giải tích 1,3
EVS2044,Thực tập công nghiệp,2
EVS2301,Tài nguyên thiên nhiên,3
EVS3291E,Xử lý nước thải công nghiệp,3
EVS3292E,Xử lý nước cấp,3
EVS3293E,Xử lý nước thải sinh hoạt,3
EVS3294,Tính toán thiết kế hệ thống xử lý nước thải,3
EVS3456,Đánh giá tác động môi trường,2
EVS4080E,Khóa luận tốt nghiệp,10
FLF1108,Tiếng Anh B2,5
EVS1112,Các phương pháp phân tích môi trường,3
EVS1115E,Độc học và sức khỏe môi trường,2
EVS1116,Truyền nhiệt chuyển khối,2
EVS1119E,Thiết kế kỹ thuật,2
EVS1123,Thực tập thực tế,2
EVS1125,Thực tập công nghệ môi trường,2
EVS1128,Thực hành khởi nghiệp,2
EVS3286E,Cơ sở công nghệ hóa sinh,3
CHE1081,Hóa học hữu cơ,3
EVS1100,Tài nguyên thiên nhiên,3
EVS1103E,Công nghệ môi trường đại cương,3
EVS1105E,Phương pháp nghiên cứu khoa học,2
EVS1106,Biến đổi khí hậu,3
EVS1122,Thủy lực học và kĩ thuật tài nguyên nước,2
EVS1124,Thực tập hóa học,2
CHE1080E,Hóa học đại cương,3
EVS1104,Khoa học môi trường đại cương,3
HIS1056,Cơ sở văn hóa Việt Nam,3
MAT1090E,Đại số tuyến tính,3
PHI1006,Triết học Mác - Lênin,3
BIO2222,Proteomic và sinh học cấu trúc,3
BIO1053E,Di truyền học,3
BIO1210,Sinh học ứng dụng và bảo tồn Động vật có xương sống,2
BIO1158,Động vật không xương sống và ứng dụng,2
PHY1104,Thực hành vật lý đại cương,2
CHE1080,Hóa học đại cương,3
BIO1131,Cơ sở công nghệ lên men,3
BIO1139,Công nghệ sinh học trong bảo tồn thực vật,3
BIO1142,Công nghệ tế bào gốc,3
BIO1144,Công nghệ vi tảo,3
BIO1149,Di truyền học ung thư,3
BIO1162,Hoá sinh học chế biến thực phẩm,3
BIO1182,Môi trường và phát triển bền vững,3
BIO1197,Sinh học khối u,3
BIO1211,Sinh học và sinh thái học động vật có xương sống,3
BIO1237,Vi sinh vật học thực phẩm,3
BIO1239,Vi sinh vật học và xử lý môi trường,3
BIO1248,Di truyền học vi sinh vật,3
BIO2805,Mô học,2
BIO3000,Cơ sở sinh thái học,2
BIO3220,Nội tiết học cơ sở,3
BIO3222,Sinh học phân tử người,3
BIO3228,Côn trùng học đại cương,3
BIO3234,Sinh thái học môi trường,3
BIO3241,Thủy sinh học đại cương,3
BIO3249,Cơ sở sinh học thần kinh,3
BIO3309,Công nghệ protein-enzym,3
BIO3320,Công nghệ mô và tế bào thực vật,3
BIO3348,Nấm - Sinh học và ứng dụng,3
BIO3363,Phương pháp nghiên cứu cá,3
BIO3437,Bệnh học miễn dịch và trị liệu,3
BIO3442,Kỹ thuật di truyền,2
BIO3444,Sinh học tổng hợp,3
BIO3445,Thực vật có ích,3
BIO3702,Quá trình và thiết bị công nghệ,3
BIO3704,Thực nghiệm sinh thái học,3
BIO3805,Sinh vật biến đổi gen và ứng dụng,3
BIO3807,Độc học,3
BIO3810,Động vật không xương sống y học,3
BIO3811,Địa lý sinh vật,3
BIO1120E,Tiếng Anh chuyên ngành Sinh học,2
BIO1178,Miễn dịch học,3
BIO1203,Sinh học phát triển,2
BIO1213,Sinh lý học người và động vật,3
BIO1223,Thực hành Đa dạng sinh học và sinh thái học,2
BIO1224,Thực hành Sinh học thực nghiệm 1,2
BIO1241,Vi sinh vật học,2
BIO1201,Sinh học phân tử,2
BIO2047,Di truyền học,2
CHE1057,Hóa học phân tích,3
HUS1023,Nhập môn phân tích dữ liệu,2
MAT1101,Xác suất thống kê,3
GLO2023,Khoáng sản học,3
GLO2091,Lịch sử trái đất,3
GLO3127,Địa chất dầu khí,3
GLO3171,Phương pháp phân tích tướng trầm tích,3
GLO3253,"Các phương pháp phân tích thạch học, khoáng vật",4
GLO1100,Địa chất cấu trúc và kiến tạo,4
GLO1103,Địa chất cấu trúc và kiến tạo,5
GLO2058,Địa tin học ứng dụng,3
GLO2076,Tiếng Anh cho Địa chất,3
GLO1101,Cổ sinh vật học đại cương,3
GLO2068,Tai biến thiên nhiên,3
GLO2089,Thạch học,4
GLO3110,Vật liệu trái đất và môi trường,3
GLO3195,Thạch học đá magma và biến chất,4
GLO3196,Thạch học trầm tích,3
GLO2001,Địa chất đại cương,3
GLO2078,Địa chất đại cương,4
GLO2211,Bản đồ đại cương,3
MAT1091,Giải tích 1,3
GEO1109,Khoa học môi trường và biến đổi khí hậu,2
GEO1129,Khoa học cảnh quan và ứng dụng,3
GEO1130,Kinh tế môi trường và kinh tế sinh thái,3
GEO1131,Phương pháp và công nghệ trong nghiên cứu sinh thái cảnh quan và môi trường,4
GEO1132,Phân loại thực vật và các hệ sinh thái rừng Việt Nam,3
GEO1134,Địa mạo ứng dụng,3
GEO1135,Địa chất và biến đổi môi trường trong Đệ tứ,3
GEO1136,Phương pháp nghiên cứu và lập bản đồ địa mạo,2
GEO1137,Ứng dụng viễn thám và GIS trong nghiên cứu địa mạo và tai biến thiên nhiên,2
GEO1142,Quản lý biển,3
GEO1148,Phương pháp nghiên cứu địa lý nhân văn,4
GEO1149,Địa lý kinh tế,3
GEO1150,Địa lý xã hội,3
GEO1151,Địa lý du lịch và du lịch bền vững,3
GEO1108,Thực hành viễn thám và GIS ứng dụng,4
GEO1118,Địa sinh vật và Sinh thái cảnh quan,4
GEO1120,Dân số học và địa lý dân cư,3
GEO1125,Lập trình GIS,3
GEO1127,Thực tập cơ sở địa lý,2
GEO1101,Cơ sở địa lý tự nhiên,3
GEO1103,Phương pháp nghiên cứu khoa học,3
GEO1106,Cơ sở viễn thám,3
GEO1114,Địa mạo học,3
GEO1126,Thực tập Trắc địa đại cương,2
GEO2303,Thực tập thiên nhiên,2
GEO1104,Trắc địa đại cương,3
GEO1105,Bản đồ đại cương,3
HMO4074,Khóa luận tốt nghiệp,7
HMO1145,Dự báo thủy văn biển,3
HMO1149,Thực tập nghiệp vụ,3
HMO1150,Niên luận,3
HMO1152,Tương tác biển-khí quyển,3
HMO1153,Phương pháp mô hình hoá trong hải dương học,3
HMO1155,Kinh tế biển,3
HMO3188,Lập trình ứng dụng trong hải dương học,3
HMO1138,Hoá học biển,3
HMO1139,Sinh học và sinh thái biển,3
HMO1143,Thủy triều,3
HMO3631,Thực tập khảo sát hải văn,3
HMO1102,Phương pháp nghiên cứu khoa học trong Khí tượng thủy văn,3
HMO1107,Tin học chuyên ngành trong hải dương học,4
CHE3185,Thực phẩm chức năng,2
CHE2033E,Enzym và protein trong tổng hợp hóa dược,3
CHE3142,Hóa học các hợp chất thiên nhiên,3
CHE3171,Kiểm nghiệm thuốc và tiêu chuẩn dược phẩm,3
CHE3283E,Bán tổng hợp thuốc từ hợp chất thiên nhiên,3
CHE3184,Sàng lọc và đánh giá hoạt tính của dược liệu,2
CHE3282E,Tổng hợp bất đối xứng,2
CHE2014,Dược lý,3
CHE1048,Hóa keo,2
CHE2019,Thực tập hóa lý,2
CHE1091,Hóa kỹ thuật,3
CHE2031E,Tổng hợp Hóa dược,3
CHE2058,Hóa dược đại cương,3
CHE3303,Phương pháp nghiên cứu khoa học,3
CHE2058E,Hóa dược đại cương,3
CHE1131,Hóa học hữu cơ 1,4
CHE2008,Thực tập hóa lý 2,2
CHE2241,Hoá học bề mặt và hoá keo,3
CHE3193,Ứng dụng phương pháp phổ trong hóa học hữu cơ,3
CHE3219,Các phương pháp nghiên cứu Hoá học hữu cơ,3
CHE3239,Động học điện hóa,3
CHE3279,Vật liệu vô cơ,3
CHE3045,Hóa học dầu mỏ,3
CHE3135,Hóa học phức chất,3
CHE3211,Hoá lý vô cơ,3
CHE3215,Các chương chọn lọc của hoá học vô cơ,3
CHE3234,Các chương chọn lọc của Hoá lý,3
CHE3243,Hóa học bề mặt và ứng dụng,3
CHE3010,Các Phương pháp phân tích quang học,2
CHE2138E,Hóa sinh và cơ sở khoa học của sự sống,3
CHE3140,Các phương pháp tách trong phân tích,3
CHE3248,Các kĩ thuật xử lí mẫu phân tích,3
CHE3013,Xử lý mẫu trong hóa phân tích,2
CHE2130E,Động học và xúc tác,3
CHE3220,Các chương chọn lọc trong hoá học hữu cơ,3
CHE3250,Các phương pháp tách và sắc kí,3
CHE1084E,Hóa lý 2,5
CHE2120,Hoá kỹ thuật,3
CHE2132,Phân tích công cụ,3
CHE2137,Đại cương về Hóa học vật liệu,3
CHE2005,Thực tập hóa học hữu cơ 2,2
CHE2117,Thực tập Hoá học phân tích,2
CHE1075,Cơ sở hóa sinh,3
CHE2123,Thực tập hoá lý 2,2
CHE1055,Hóa học hữu cơ 1,4
CHE1100E,Tiếng Anh thuyết trình 1,2
CHE2110E,Cơ sở Hoá học hữu cơ 1,4
CHE1077E,Hóa học vô cơ 1,3
CHE2114,Hoá học hữu cơ 2,3
CHE2118,Hoá lý 1,3
CHE2112E,Hoá học vô cơ,3
CHE2116E,Cơ sở Hoá học phân tích,3
CHE1082E,Cơ sở hoá học phân tích,3
CHE2111,Thực tập Hóa học hữu cơ 1,2
CHE2113,Thực tập hóa học vô cơ,2
PHY1100,Cơ - Nhiệt,3
CHE1094E,Hoá học đại cương 1,3
MAT1090,Đại số tuyến tính,3
MAT1290,Đại số tuyến tính,4
MAT1291,Giải tích 1,4
PHY1159,Vật lý đại cương 1,3
EVF2026,Công nghệ sinh học trong thực phẩm,3
EVF2030,Thực phẩm chức năng và thực phẩm biến đổi gen,3
EVS1220,Thực tập công nghiệp,3
EVS1223,Kiểm soát an toàn sinh học thực phẩm,3
EVS1224,Sản xuất sạch hơn trong sản xuất và chế biến thực phẩm,3
EVS1228,Đánh giá rủi ro an toàn thực phẩm,3
EVS1229,Văn hóa ẩm thực,3
EVS1903,Khoá luận tốt nghiệp,7
BIO3192,Thực tập vi sinh thực phẩm,2
BIO3193,Thực tập hóa sinh thực phẩm,2
EVS1212E,Tiếng Anh chuyên ngành,3
EVS1213,Công nghệ chế biến thực phẩm từ nguyên liệu có nguồn gốc động vật,4
EVS1214,Công nghệ chế biến thực phẩm từ nguyên liệu có nguồn gốc thực vật,4
EVS1219,Thực tập thực tế,2
EVS1221,Thực tập sản xuất,2
EVS1283,Quản lý môi trường trong chế biến thực phẩm,2
BIO3190,Hóa-Sinh thực phẩm,3
EVF2001,Hệ thống cây trồng vật nuôi an toàn,3
EVS3463,Khoa học và công nghệ môi trường,3
EVF2040,Nhập môn Khoa học và Công nghệ thực phẩm,3
MAT3381,Thực tập thực tế về Khoa học dữ liệu,3
MAT3383,Trực quan hóa thông tin,2
MAT3386,Phương pháp tính toán trong thống kê và khoa học dữ liệu,3
MAT3391,Hệ thống thông tin địa lí,3
MAT3392,Ứng dụng dữ liệu lớn trong quản lí rủi ro tai biến thiên nhiên,3
MAT3393,Khai thác dữ liệu trong Hóa học,3
MAT3394,Mô hình toán sinh thái,3
MAT3399,Xử lí ngôn ngữ tự nhiên và học sâu,3
MAT3534,Khai phá dữ liệu,3
MAT3379,Phân tích hồi quy và ứng dụng,4
MAT2034,Giải tích số,3
MAT3148,Tính toán song song,3
MAT3382,Lập trình cho Khoa học dữ liệu,2
MAT3385,Cơ sở dữ liệu Web và hệ thống thông tin,3
MAT3508,Nhập môn trí tuệ nhân tạo,3
FLF1107,Tiếng Anh B1,5
MAT1202,Lập trình hướng đối tượng,3
MAT2323,Xác suất - Thống kê,4
MAT2503,Giải tích 3,2
MAT3507,Cơ sở dữ liệu,4
MAT2400,Đại số tuyến tính,5
MAT2501,Giải tích 1,4
EVS1113,Hệ thống quản lý môi trường,2
EVS1146,Ô nhiễm đất và biện pháp xử lý,3
EVS1165,Phân tích hệ thống môi trường,2
EVS1168,Thực tập nghề nghiệp,2
EVS1169,Kiểm toán môi trường,3
EVS1170,Quan trắc và giám sát môi trường,3
EVS1171,Giáo dục và truyền thông môi trường,2
EVS1173,Hóa học môi trường đất ứng dụng,2
EVS1174,Sức khỏe môi trường đất,2
EVS1175E,Sinh học bảo tồn ứng dụng,3
EVS1177,Đa dạng sinh học,3
EVS1178,Sinh thái môi trường khu vực,3
EVS1179,Du lịch sinh thái,2
EVS1180,Dịch vụ hệ sinh thái,2
EVS1181,Vệ sinh và an toàn thực phẩm,2
EVS1183,Độc học sinh thái,3
EVS1184,Quản lý rủi ro độc chất,2
EVS1185E,Quản lý chất thải nguy hại,3
EVS1186,Quản lý và sử dụng bền vững tài nguyên nước,2
EVS1189,Phân tích và đánh giá chất lượng nước,3
EVS1190,Xử lý nước cấp cho sinh hoạt và công nghiệp,3
EVS1191,Mô hình hóa môi trường,3
EVS1192,Kinh tế xanh,2
EVS1193,Ứng dụng công cụ mô hình hóa và hệ thống thông tin địa lý trong lập bản đồ môi trường,2
EVS1194,Phát triển bền vững đô thị và nông thôn,3
EVS1195,Du lịch bền vững,2
EVS1196,Năng lượng bền vững,3
EVS1209,Quy hoạch bảo vệ môi trường,3
EVS1901,Khóa luận tốt nghiệp,10
EVS1902,Khóa luận tốt nghiệp,7
EVS3257,Hóa chất nông nghiệp và môi trường đất,3
EVS3259,Sinh thái môi trường đất,3
EVS3267,Phương pháp phân tích độc chất,3
EVS3274E,Sinh thái môi trường nước,3
EVS3415,GIS trong quản lý môi trường,2
EVS3418,Chỉ thị môi trường,2
EVS3420,Sinh thái nhân văn,2
EVS3424,Hình thái của độc chất trong môi trường,2
EVS3425,Hóa học môi trường nước,2
EVS3427E,Ô nhiễm môi trường nước,2
EVS1102,Thống kê ứng dụng trong môi trường,3
EVS1158E,Quản lý môi trường,3
EVS1160,Đánh giá tác động môi trường,3
EVS1164,Độc học và sức khỏe môi trường,3
EVS3307,Tin học ứng dụng trong môi trường,3
EVS3331,Tin học ứng dụng trong môi trường,2
EVS3403,Phương pháp nghiên cứu khoa học,2
EVS3468E,Tiếng Anh chuyên ngành,3
EVS1103,Công nghệ môi trường đại cương,3
EVS1110,"Cơ sở môi trường đất, nước, không khí",3
EVS1152,"Cơ sở môi trường đất, nước, không khí",4
EVS3332,Thực tập thực tế 1,2
MAT3535,Tìm kiếm thông tin,3
MAT1207,Công nghệ phần mềm,3
MAT3373E,Nhập môn an toàn máy tính,3
MAT3374,Thực tập thực tế phát triển phần mềm,3
MAT3452,Phân tích thống kê nhiều chiều,3
MAT3453,Phương pháp chọn mẫu dữ liệu,3
MAT3542,Phát triển ứng dụng web,3
MAT3561E,Xử lý ngôn ngữ tự nhiên và ứng dụng,3
MAT3562E,Thị giác máy tính,3
MAT3563,Một số vấn đề chọn lọc về thị giác máy tính,3
MAT1206E,Nhập môn Trí tuệ nhân tạo,3
MAT1208,Xây dựng hệ thống nhúng,2
MAT3505,Kiến trúc máy tính,3
MAT3506,Mạng máy tính,3
MAT3519,Ngôn ngữ lập trình thứ hai,2
MAT3533,Học máy,3
MAT1205E,Tiếng Anh chuyên ngành khoa học máy tính,2
MAT3500,Toán rời rạc,4
MAT3514,Cấu trúc dữ liệu và thuật toán,4
MAT2505,Lập trình cơ bản,3
MAT3557,Môi trường lập trình Linux,2
MAT2502,Giải tích 2,4
GEO1187,Thực tập sản xuất và thực hành khởi nghiệp,5
GEO1192,Trực quan hoá địa lý,3
GEO2092,Tiếng anh chuyên ngành,3
GEO3128,Viễn thám ứng dụng,3
GEO3135,Địa không gian trong nghiên cứu tai biến thiên nhiên,3
GEO1181,Lập trình GIS,3
GEO1182,"Viễn thám Radar, Hồng ngoại nhiệt",3
GEO3103,Địa lý ứng dụng,3
GEO1107,Hệ thống thông tin địa lý,2
GEO1180,Địa lý Việt Nam,3
GEO1186,Thực tập Trắc địa đại cương,2
PHY1309,Thực tập tính toán trong Khoa học Vật liệu và Vật lý y sinh,3
PHY1312,Vật lý sinh học,3
PHY1335,Các mô hình tính toán ứng dụng trong khoa học vật liệu,3
PHY1340,Công nghệ màng mỏng và ứng dụng,3
PHY1349,Thực tập chuyên ngành Vật liệu từ học và siêu dẫn,3
PHY1350,Thực tập chuyên ngành Vật liệu và Công nghệ bán dẫn,3
PHY1359,Vật liệu nano từ tính và spintronics,3
PHY3351,Vật lý linh kiện bán dẫn,3
PHY3353,Quang bán dẫn,3
PHY3392,Mở đầu Vật lý vật liệu mềm và các hệ y sinh,3
PHY3448,Vật lý siêu dẫn và ứng dụng,3
PHY3527,Mở đầu lý thuyết lượng tử từ học,3
PHY3707,Các phép đo từ,3
PHY3712,Vật liệu và công nghệ bán dẫn,3
PHY3346,Vật lý chất rắn,3
PHY1341,Khoa học vật liệu đại cương,3
PHY2064,Vật lý nguyên tử,2
PHY3169,Cơ học lượng tử,3
PHY3437,Kỹ thuật đo lường và xử lý tín hiệu,3
PHY3700,Các phương pháp thực nghiệm trong Khoa học vật liệu,3
PHY1109,Xác suất thống kê,3
PHY2206,Kỹ thuật điện tử,3
PHY2307,Thực hành Vật lý đại cương 1,2
HMO1116,Dự báo thời tiết bằng phương pháp số,3
HMO1121,Niên luận 1,3
HMO1133,Niên luận 2,2
HMO1105,GIS và Viễn thám,3
HMO1113,Khí tượng động lực 2,3
HMO1114,Khí tượng Synop 1,3
HMO1122,Hải dương học và tương tác biển-khí quyển,3
HMO3315,Khí hậu vật lý,3
HMO3325,Thực tập quan trắc khí tượng,3
HMO1110,Khí tượng vật lý,4
HMO1128,Cơ sở biến đổi khí hậu,3
HMO1104,Cơ học chất lỏng,3
HMO1103,Phương pháp tính,3
HMO1184,Địa lý học,3
HMO1129,Hải dương học đại cương,3
PHY1321,Phát triển ứng dụng Web,3
PHY1322,Công nghệ phần mềm,3
PHY1323,Thị giác máy tính,3
PHY3628,Mạng và truyền thông máy tính,3
PHY3630,Hệ quản trị cơ sở dữ liệu,3
PHY3640,Phát triển ứng dụng IoT,3
PHY3645,Thực tập Tin học ứng dụng,3
PHY3648,Thiết kế mạch điện tử,3
PHY3649,Thực tập kĩ thuật Điện tử,3
PHY3651,Mạng cảm biến không dây,3
PHY3652,Kĩ thuật Đo lường và xử lí tín hiệu,3
PHY3653,Kĩ thuật kiểm tra không phá huỷ,3
PHY3660,Thiết bị điện tử Y sinh,3
PHY3661,Kĩ thuật xử lí và chẩn đoán hình ảnh Y sinh,3
PHY3664,Đo lường và điều khiển trong công nghiệp,3
PHY3335,Hệ thống nhúng,3
PHY3610,Điện tử số,3
PHY3620,Thực hành điện tử tương tự,2
PHY3622,Tín hiệu và Hệ thống,3
PHY3631,Cấu trúc dữ liệu và giải thuật,3
PHY1319,Tiếng Anh chuyên ngành,3
PHY2504,Phương pháp số,3
PHY3626,Lập trình hướng đối tượng,3
PEC1008,Kinh tế chính trị Mác -Lênin,2
EVS1244,Vệ sinh công nghiệp,4
EVS1246,"Các công cụ và phương pháp đánh giá an toàn, vệ sinh lao động",3
EVS1248,Quan trắc môi trường lao động,3
EVS1251,Sức khoẻ môi trường và bệnh nghề nghiệp,4
EVS1258,Đồ án 1,2
EVS3406,Nhập môn khoa học bền vững,3
EVS1235,Cơ sở kỹ thuật môi trường,3
GEO1202,Đánh giá hiện trạng và biến động sử dụng đất đai,2
GEO1207,Thực tập đo đạc địa chính,2
GEO1211,GIS ứng dụng,3
GEO1212,Bản đồ chuyên đề trong quản lý đất đai,2
GEO1213,Hệ thống thông tin bất động sản,3
GEO1214,Trắc địa vệ tinh,2
GEO1215,Trắc địa biển,2
GEO1217,Thanh tra đất đai,2
GEO1218,Quy hoạch đô thị,3
GEO1219,Định giá đất,3
GEO1220,Xây dựng và quản lý cơ sở dữ liệu địa chính,2
GEO1221,Quản lý thị trường bất động sản,2
GEO1199,Quản lý tài chính đất đai,2
GEO1203,Đăng ký đất đai và hồ sơ địa chính,3
GEO1206,Đo đạc địa chính và ứng dụng tin học trong thành lập bản đồ,4
GEO3275,"Thực tập Công nghệ ảnh số và giải đoán, điều vẽ ảnh",2
GEO1241,Thực tập quản lý đô thị và bất động sản,3
GEO1257,Quy hoạch đô thị sinh thái,3
GEO1260,Quy hoạch sử dụng đất cho phát triển đô thị,3
GEO1262,Phong thủy trong quy hoạch đô thị và bất động sản,3
GEO1263,Địa mạo trong quy hoạch đô thị,3
GEO1265,Định giá bất động sản,3
GEO1266,Đầu tư và tài chính bất động sản,3
GEO1267,Môi giới bất động sản,3
GEO1268,Marketing bất động sản,3
GEO1269,Chính quyền đô thị điện tử,3
GEO1271,Thống kê và phân tích dữ liệu không gian,3
GEO1273,GIS trong quản lý đô thị và bất động sản,3
GEO1112,Quản lý tài nguyên và môi trường,2
GEO1196,Cơ sở kinh tế sinh thái,2
GEO1238,Thị trường bất động sản,3
GEO1240,Thực tập cơ sở đô thị và bất động sản,3
GEO1229,Kinh tế học phát triển,3
GEO1234,Quản lý phát triển đô thị,3
GEO1237,Cơ sở quy hoạch,3
GEO1239,Hệ thống thông tin đô thị,3
GEO1230,Cơ sở quản lý đất đai và bất động sản,3
GLO1110,Quản lý lưu vực sông,3
GLO3076,Tài nguyên khoáng sản Việt Nam,3
GLO3094,Kinh tế nguyên liệu khoáng,3
GLO3102,Tài nguyên biển việt nam,3
GLO3105,Vấn đề môi trường trong khai thác và sử dụng tài nguyên biển,3
GLO3151,Địa chất du lịch,3
GLO3231,Kinh tế du lịch địa chất,3
GLO3233,Tài nguyên đất việt nam,3
GLO3237,Quy hoạch và quản lý sử dụng tổng hợp nguồn nước,3
GLO3238,Luật và chính sách Tài nguyên Môi trường đất và nước Việt Nam,3
GLO3239,Môi trường biển việt nam,3
GLO3252,Luật và chính sách tài nguyên và môi trường biển,3
GEO2059,Cơ sở viễn thám và GIS,3
GLO2045,Phân tích không gian trong Quản lý tài nguyên thiên nhiên,3
GLO3122,Đánh giá tác động môi trường,3
GLO3199,Phương pháp quản lý tài nguyên và môi trường,4
GLO3226,Kinh tế tài nguyên và môi trường,3
GLO2087,Cơ sở lý luận phát triển bền vững,3
GLO2213,Nhập môn Quản lý Tài nguyên và Môi trường,3
GLO2214,Khoa học môi trường đại cương,3
GLO1112,Quan trắc và giám sát tài nguyên môi trường biển,3
GLO3210,Quan trắc và Giám sát môi trường các vùng mỏ,3
GLO3212,Quan trắc và Giám sát tài nguyên nước,3
GLO3213,Quan trắc và giám sát tài nguyên môi trường đất,3
GLO3219,Giám sát tai biến thiên nhiên,3
GLO2102,Tiếng anh chuyên ngành,3
GLO3203,"Hệ thống cảm biến, mạng lưới quan trắc và giám tài nguyên môi trường",3
GLO3206,Cơ sở dữ liệu,3
GLO3209,Thực tập sản xuất,2
GLO2206,Phương pháp nghiên cứu khoa học,3
BIO1254,Tiếng Anh chuyên ngành Sinh học,2
BIO3180,Dược lý học đại cương,3
BIO3186,Động vật dược liệu,3
BIO3187,Vi sinh vật học dược phẩm,3
BIO3390,Thực hành Sinh dược học 2,2
CHE3020,Hóa dược,2
BIO2129,Thực vật học,3
BIO2137,Sinh lý học thực vật,2
BIO2138,Sinh học người,2
BIO2142,Sinh thái học,2
BIO2046,Sinh học tế bào,2
BIO1103E,Côn trùng học,3
BIO1106E,Di truyền học người,3
BIO1107E,Địa lý sinh vật,3
BIO1109E,Enzym học,3
BIO1110E,Nội tiết học,3
BIO1111E,Nuôi cấy mô tế bào thực vật,3
BIO1112E,Phương pháp nghiên cứu thực vật,3
BIO1114E,Sinh học khối u,3
BIO1115E,Sinh học phân tử người,3
BIO1118E,Sinh thái học môi trường,3
BIO1122E,Cơ sở vi sinh vật học phân tử,3
BIO1145,Danh pháp thực vật,3
BIO1148,Di truyền học phân tử,3
BIO1166,Tiến hoá hình thái của thực vật hạt kín,3
BIO1191,Proteomics miễn dịch,3
BIO1192,Quản lý các hệ sinh thái,3
BIO1194,Seminar tế bào gốc,3
BIO1204,Sinh học quần thể,3
BIO1208,Sinh học thần kinh,3
BIO1217,Sinh lý sinh trưởng và phát triển thực vật,3
BIO1232,Thuỷ sinh học,3
BIO1242,Vi sinh vật y học,3
BIO1245,Dinh dưỡng khoáng ở thực vật,3
BIO2415E,Sinh học biển,3
BIO3206,Miễn dịch học,3
BIO3261,Vi rút học cơ sở,3
BIO3298,Tiến hóa của thực vật hạt kín,3
BIO1164,Hoá sinh học,3
BIO1184,Nguyên tắc phân loại sinh vật,3
BIO1202,Sinh học phân tử,3
BIO1219,Sinh thái học ứng dụng,3
BIO1253,Thống kê sinh học,3
BIO3252,Sinh học người,3
CHE1173,Hóa lý,3
BIO1155,Động vật học động vật có xương sống,3
BIO1228,Thực vật học,4
BIO1249,Di truyền học,3
BIO3178,Sinh học tế bào,3
BIO1124,Bảo tồn và phát triển động thực vật Việt Nam,3
BIO1127,Bệnh học miễn dịch và trị liệu,3
BIO1147,Di truyền học chọn giống,3
BIO1186,Phương pháp luận trong nghiên cứu khoa học sự sống,3
BIO1234,Vi rút học cơ sở,3
BIO3701,Sinh học tiến hóa,3
BIO1129,Các nguyên lý của sinh học bảo tồn,3
BIO1165E,Tiếng Anh chuyên ngành Sinh học,2
BIO1198,Sinh học người,3
BIO1212,Sinh lý học người và động vật,3
BIO1214,Sinh lý học thực vật,3
BIO3802E,Vi sinh vật học ứng dụng,3
BIO1160,Hoá sinh học,4
BIO1235,Vi sinh vật học,4
BIO1205,Sinh học tế bào,4
BIO1161,Hoá sinh học các hợp chất có hoạt tính sinh học,3
CHE1085,Thực tập hóa lý 1,2
CHE1058,Thực tập hóa học phân tích,2
PHY1106,Đại số tuyến tính,3
PHY2004,Vật lý hạt nhân,2
PHY2201,Phương pháp toán cho Vật lý 1,3
PHY2302,Nhiệt động học và Vật lý phân tử,3
PHY2304,Quang học,3
MAT3301,Giải tích hàm,3
MAT2304,Giải tích 3,4
MAT2314,Phương trình vi phân,4
MAT2407,Tối ưu hóa,3
MAT2302,Giải tích 1 (phần 2),5
HMO4072,Khóa luận tốt nghiệp,7
HMO1179,Seminar một số vấn đề về Tài nguyên và Môi trường nước/seminar học thuật,2
HMO1189,Thực hành Đánh giá tác động môi trường,2
HMO1192,Thực hành GIS và Viễn thám trong Quản lý tài nguyên và Môi trường nước,2
HMO1193,Xử lý nước,3
HMO3216,Niên luận,2
HMO3401,Điều tiết dòng chảy,2
HMO1176,Quy hoạch và quản lý tài nguyên nước,4
HMO1177,Mô hình toán thủy văn thủy lực,4
HMO1178,Hoá học môi trường nước,3
HMO1185,Biến đổi thảm phủ và sử dụng đất,3
HMO1195,Phân tích dữ liệu thủy văn và tài nguyên nước,3
HMO3083,Quản lý rủi ro thiên tai,3
HMO1170,Phân tích và tính toán thủy văn,3
HMO1172,Quan trắc và Bảo vệ môi trường nước,4
HMO2021,Thủy văn đại cương,3
MAT1201,Phương pháp nghiên cứu khoa học,3
MAT3365,Phương trình đạo hàm riêng,3
MAT3366,Hệ thống máy tính,3
MAT3409,Giải tích hàm ứng dụng,3
MAT2405,Xác suất,3
MAT3311,Lý thuyết nhóm và biểu diễn nhóm,3
MAT3318,Giải tích trên đa tạp,3
MAT3321,Quá trình ngẫu nhiên,3
MAT3323,Tối ưu rời rạc,3
MAT3327,Điều khiển tối ưu,3
MAT3341,Giải tích điều hòa,3
MAT3345,Lý thuyết ổn định của phương trình vi phân,3
MAT3359,Thực tập chuyên ngành,3
MAT3361,Cơ học lý thuyết nâng cao,3
MAT3364,Xêmina 2,2
MAT3406,Lý thuyết dao động,3
MAT3418,Phương pháp số trong cơ học,3
MAT3423,Cơ học môi trường liên tục,3
MAT3325,Lịch sử toán học,3
MAT2307,Giải tích số 1,4
MAT2313,Phương trình đạo hàm riêng 1,4
MAT2315,Phương pháp nghiên cứu khoa học,3
MAT3302,Toán rời rạc,4
MAT3304,Thực hành tính toán,2
MAT3307,Lý thuyết độ đo và tích phân,3
MAT2318,Lập trình Python,3
MAT2322,Giải tích 3,5
MAT3305,Tôpô đại cương,3
MAT3339,Đại số tuyến tính 3,3
MAT2300,Đại số tuyến tính 1,4
MAT2302,Giải tích 1,5
MAT2320,Đại số tuyến tính 1,5
PHY1066,Cơ sở vật lý hiện đại,4
MAT3334,Các mô hình toán ứng dụng 2,3
MAT3335,Đại số máy tính,3
MAT2301,Đại số tuyến tính 2,4
MAT2303,Giải tích 2,5
MAT3456,Logic ứng dụng,3
MAT3539,Mật mã và an toàn dữ liệu,3
MAT3545,Lý thuyết tính toán,3
MAT3562,Thị giác máy tính,3
MAT3565,Nhập môn khai phá các tập dữ liệu lớn,3
PHY1308,Thực tập Vật lý Chất rắn và Vật lý Nhiệt độ thấp,3
PHY1310,Vật lý bán dẫn,3
PHY1311,Quang tử và ứng dụng,3
PHY1313,Nhập môn Trí tuệ nhân tạo,3
PHY2166,Thực tập Vật lý hiện đại,3
PHY3126,Lý thuyết chất rắn,3
PHY3329,Vật lý laser và ứng dụng,3
PHY3337,Vật lý các hệ thấp chiều,3
PHY3348,Từ học và siêu dẫn,3
PHY3356,Thực tập Quang lượng tử,3
PHY3357,Thực tập Vật lý lý thuyết,3
PHY3359,Thực tập Vật lý trái đất,3
PHY3362,Vật lý nơtron và lò phản ứng,3
PHY3363,Cấu trúc hạt nhân,3
PHY3368,Phản ứng hạt nhân,3
PHY3372,Điện tử hạt nhân,3
PHY3380,Lập trình song song,3
PHY3390,Quang phổ học phân tử,3
PHY3391,Quang phổ học thực nghiệm,3
PHY3398,Ghi nhận và đo lường bức xạ,3
PHY3401,Thông tin quang,3
PHY3404,Phương pháp thăm dò điện,3
PHY3419,Vật lý Trái đất,3
PHY3422,Từ học,3
PHY3432,Mô phỏng Vật lý bằng máy tính,3
PHY3507,Thực tập Vật lý hiện đại,2
PHY3512,Điều chế xung và điều chế số,3
PHY3513,Lý thuyết nhóm cho Vật lý,3
PHY3515,Địa chấn học,3
PHY3522,Vi điều khiển,3
PHY3525,Mở đầu Vật lý hạt và Vật lý năng lượng cao,3
PHY3526,Các phương pháp trường thế áp dụng trong địa vật lý,3
PHY3611,Thực tập Vật lý Hạt nhân,3
PHY2306,Cơ học lượng tử,4
PHY2404,Cơ học lượng tử 1,4
PHY3506,Các phương pháp thí nghiệm trong Vật lý hiện đại,2
PHY3510,Mở đầu Thiên văn học,3
PHY3606,Điện động lực học,4
PHY3609,Điện tử tương tự,3
PHY1304,Phương trình vi phân,2
PHY2303,Điện và từ học,4
PHY3605,Cơ học lý thuyết,4
PHY1301,Giải tích 1,4
PHY2301,Cơ học,4
CHE1069,Thực tập hóa học đại cương,2
CHE1191,Thực tập hóa học hữu cơ 1,2
HUS1012,Kỹ năng bổ trợ,3
MAT1092,Giải tích 2,3
MAT1192,Giải tích 2,2
PHY3301,Cơ học lý thuyết,3
