courseCode,classCode,semester,year,capacity,dayOfWeek,location,startPeriod,endPeriod,
BIO1053E,BIO1053E,2,2025,10,2,236T1,11,12,
BIO1109E,BIO1109E,2,2025,10,7,440T1,7,10,
BIO1111E,BIO1111E,2,2025,10,7,131T1,9,11,
BIO1114E,BIO1114E,2,2025,10,7,338T1,3,6,
BIO1115E,BIO1115E,2,2025,10,7,333T1,7,9,
BIO1118E,BIO1118E,2,2025,10,7,227T1,4,6,
BIO1120E,BIO1120E 1,2,2025,10,6,103-T5,4,5,
BIO1120E,BIO1120E 2,2,2025,10,6,103-T5,7,8,
BIO1120E,BIO1120E 3,2,2025,10,3,103-T5,9,10,
BIO1122E,BIO1122E,2,2025,10,7,122T1,7,10,
BIO1124,BIO1124 TN,2,2025,10,3,109-T5,10,12,
BIO1127,BIO1127 TN,2,2025,10,7,338T1,7,10,
BIO1129,BIO1129 TN,2,2025,10,4,109-T5,4,6,
BIO1131,BIO1131 CLC,2,2025,10,7,123T1,3,6,
BIO1139,BIO1139 CLC,2,2025,10,6,230T1,9,12,
BIO1142,BIO1142 CLC,2,2025,10,7,337T1,3,6,
BIO1145,BIO1145,2,2025,10,7,230T1,4,6,
BIO1148,BIO1148,2,2025,10,7,237T1,7,10,
BIO1149,BIO1149 CLC,2,2025,10,7,233T1,7,10,
BIO1155,BIO1155 1,2,2025,10,4,136T1,4,5,
BIO1155,BIO1155 2,2,2025,10,4,136T1,1,2,
BIO1155,BIO1155 3,2,2025,10,4,136T1,10,11,
BIO1155,BIO1155 4,2,2025,10,5,136T1,1,2,
BIO1155,BIO1155 5,2,2025,10,4,136T1,7,8,
BIO1158,BIO1158 1,2,2025,10,3,111-T5,9,10,
BIO1158,BIO1158 2,2,2025,10,4,103-T5,4,5,
BIO1158,BIO1158 3,2,2025,10,5,103-T5,4,5,
BIO1160,BIO1160 TN,2,2025,10,2,TH1,10,11,
BIO1162,BIO1162 CLC,2,2025,10,7,137T1,7,10,
BIO1164,BIO1164 1,2,2025,10,3,TH1,1,2,
BIO1164,BIO1164 2,2,2025,10,3,TH1,4,5,
BIO1164,BIO1164 3,2,2025,10,3,TH1,7,8,
BIO1164,BIO1164 4,2,2025,10,3,TH1,10,11,
BIO1165E,BIO1165E TN,2,2025,10,5,109-T5,7,8,
BIO1166,BIO1166,2,2025,10,7,230T1,7,9,
BIO1178,BIO1178 1,2,2025,10,5,TH2,4,5,
BIO1178,BIO1178 2,2,2025,10,5,TH2,7,8,
BIO1178,BIO1178 3,2,2025,10,5,TH2,10,11,
BIO1178,BIO1178 4,2,2025,10,6,TH2,1,2,
BIO1178,BIO1178 5,2,2025,10,6,TH2,4,5,
BIO1178,BIO1178 6,2,2025,10,6,TH2,7,8,
BIO1178,BIO1178 7,2,2025,10,6,TH2,10,11,
BIO1182,BIO1182 CLC,2,2025,10,7,227AT1,3,6,
BIO1184,BIO1184 1,2,2025,10,2,109-T5,4,6,
BIO1184,BIO1184 2,2,2025,10,3,109-T5,4,6,
BIO1186,BIO1186 TN,2,2025,10,2,303-T5,4,6,
BIO1191,BIO1191,2,2025,10,7,330T1,4,6,
BIO1198,BIO1198 TN,2,2025,10,3,303-T5,4,6,
BIO1201,BIO1201 1,2,2025,10,2,109-T5,7,8,
BIO1201,BIO1201 2,2,2025,10,6,109-T5,1,2,
BIO1201,BIO1201 3,2,2025,10,3,111-T5,5,6,
BIO1202,BIO1202 1,2,2025,10,3,124T1,4,5,
BIO1202,BIO1202 2,2,2025,10,3,124T1,1,2,
BIO1202,BIO1202 3,2,2025,10,3,124T1,10,11,
BIO1202,BIO1202 4,2,2025,10,3,124T1,7,8,
BIO1203,BIO1203 1,2,2025,10,2,335T1,10,11,
BIO1203,BIO1203 2,2,2025,10,3,335T1,1,2,
BIO1203,BIO1203 3,2,2025,10,3,335T1,4,5,
BIO1203,BIO1203 4,2,2025,10,3,335T1,7,8,
BIO1203,BIO1203 5,2,2025,10,2,335T1,1,2,
BIO1203,BIO1203 6,2,2025,10,2,335T1,4,5,
BIO1203,BIO1203 7,2,2025,10,2,335T1,7,8,
BIO1204,BIO1204,2,2025,10,7,331T1,1,3,
BIO1205,BIO1205 TN,2,2025,10,5,303-T5,10,12,
BIO1210,BIO1210 1,2,2025,10,3,103-T5,4,5,
BIO1210,BIO1210 2,2,2025,10,6,103-T5,9,10,
BIO1210,BIO1210 3,2,2025,10,5,304-T5,7,8,
BIO1212,BIO1212 TN,2,2025,10,5,303-T5,4,5,
BIO1213,BIO1213 1,2,2025,10,2,432T1,1,2,
BIO1213,BIO1213 2,2,2025,10,2,432T1,7,8,
BIO1213,BIO1213 3,2,2025,10,2,432T1,4,5,
BIO1213,BIO1213 4,2,2025,10,3,432T1,4,5,
BIO1213,BIO1213 5,2,2025,10,3,432T1,1,2,
BIO1213,BIO1213 6,2,2025,10,2,432T1,10,11,
BIO1213,BIO1213 7,2,2025,10,3,432T1,7,8,
BIO1214,BIO1214 TN,2,2025,10,2,303-T5,7,9,
BIO1217,BIO1217,2,2025,10,7,131T1,1,3,
BIO1219,BIO1219 1,2,2025,10,4,303-T5,7,9,
BIO1219,BIO1219 2,2,2025,10,2,304-T5,7,9,
BIO1223,BIO1223 1,2,2025,10,2,232T1,4,5,
BIO1223,BIO1223 2,2,2025,10,2,232T1,1,2,
BIO1223,BIO1223 3,2,2025,10,2,232T1,10,11,
BIO1223,BIO1223 4,2,2025,10,2,232T1,7,8,
BIO1223,BIO1223 5,2,2025,10,3,232T1,7,8,
BIO1223,BIO1223 6,2,2025,10,3,232T1,1,2,
BIO1223,BIO1223 7,2,2025,10,3,232T1,4,5,
BIO1224,BIO1224 1,2,2025,10,4,432T1,1,3,
BIO1224,BIO1224 2,2,2025,10,4,432T1,4,6,
BIO1224,BIO1224 3,2,2025,10,4,327T1,10,11,
BIO1224,BIO1224 4,2,2025,10,4,327T1,7,8,
BIO1224,BIO1224 5,2,2025,10,5,327T1,4,5,
BIO1224,BIO1224 6,2,2025,10,5,327T1,11,12,
BIO1224,BIO1224 7,2,2025,10,5,327T1,1,2,
BIO1228,BIO1228 1,2,2025,10,4,232T1,1,3,
BIO1228,BIO1228 2,2,2025,10,4,232T1,4,6,
BIO1228,BIO1228 3,2,2025,10,4,232T1,7,9,
BIO1228,BIO1228 4,2,2025,10,4,232T1,10,12,
BIO1228,BIO1228 5,2,2025,10,5,232T1,1,3,
BIO1232,BIO1232,2,2025,10,7,323T1,7,10,
BIO1235,BIO1235 TN,2,2025,10,2,306-T5,7,9,
BIO1239,BIO1239 CLC,2,2025,10,7,123T1,7,10,
BIO1241,BIO1241 1,2,2025,10,3,303-T5,7,8,
BIO1241,BIO1241 2,2,2025,10,3,111-T5,1,2,
BIO1241,BIO1241 3,2,2025,10,6,304-T5,1,2,
BIO1242,BIO1242,2,2025,10,7,122T1,3,6,
BIO1248,BIO1248 CLC,2,2025,10,7,233T1,3,6,
BIO1249,BIO1249 1,2,2025,10,4,236T1,10,11,
BIO1249,BIO1249 2,2,2025,10,5,236T1,1,2,
BIO1249,BIO1249 3,2,2025,10,4,236T1,4,5,
BIO1249,BIO1249 4,2,2025,10,4,236T1,7,8,
BIO1249,BIO1249 5,2,2025,10,4,236T1,1,2,
BIO1253,BIO1253 1,2,2025,10,5,506T5,1,4,
BIO1253,BIO1253 2,2,2025,10,5,506T5,7,10,
BIO1253,BIO1253 3,2,2025,10,6,506T5,1,4,
BIO1253,BIO1253 4,2,2025,10,6,506T5,7,10,
BIO1254,BIO1254,2,2025,10,2,103-T5,9,10,
BIO2046,BIO2046,2,2025,10,6,509-T3,7,8,
BIO2047,BIO2047 1,2,2025,10,2,304-T5,1,2,
BIO2047,BIO2047 2,2,2025,10,3,304-T5,1,2,
BIO2047,BIO2047 3,2,2025,10,6,304-T5,9,10,
BIO2129,BIO2129 1,2,2025,10,5,232T1,4,5,
BIO2129,BIO2129 2,2,2025,10,5,232T1,7,8,
BIO2137,BIO2137,2,2025,10,2,304-T5,4,5,
BIO2138,BIO2138,2,2025,10,5,304-T5,9,10,
BIO2142,BIO2142,2,2025,10,4,303-T5,4,5,
BIO2222,BIO2222 1,2,2025,10,2,432T1,11,12,
BIO2222,BIO2222 2,2,2025,10,2,432T1,13,14,
BIO2415E,BIO2415E,2,2025,10,2,303-T4,4,6,
BIO2805,BIO2805 1 CLC,2,2025,10,6,432T1,7,8,
BIO2805,BIO2805 2 CLC,2,2025,10,6,432T1,10,11,
BIO2805,BIO2805 3 CLC,2,2025,10,5,432T1,10,11,
BIO2805,BIO2805 4 CLC,2,2025,10,7,432T1,1,2,
BIO3000,BIO3000 1 CLC,2,2025,10,5,136T1,10,11,
BIO3000,BIO3000 2 CLC,2,2025,10,5,136T1,7,8,
BIO3000,BIO3000 3 CLC,2,2025,10,6,136T1,4,5,
BIO3000,BIO3000 4 CLC,2,2025,10,6,136T1,1,2,
BIO3000,BIO3000 5 CLC,2,2025,10,6,136T1,10,11,
BIO3000,BIO3000 6 CLC,2,2025,10,6,136T1,7,8,
BIO3178,BIO3178 1,2,2025,10,7,432T1,4,5,
BIO3178,BIO3178 2,2,2025,10,7,432T1,7,8,
BIO3178,BIO3178 3,2,2025,10,7,432T1,10,11,
BIO3180,BIO3180,2,2025,10,3,304-T5,4,6,
BIO3186,BIO3186,2,2025,10,4,109-T5,7,9,
BIO3187,BIO3187,2,2025,10,5,301-T5,10,12,
BIO3190,BIO3190 1,2,2025,10,2,107-T5,7,8,
BIO3190,BIO3190 2,2,2025,10,4,104-T5,3,4,
BIO3192,BIO3192 1,2,2025,10,2,PTN3,7,10,
BIO3192,BIO3192 2,2,2025,10,3,PTN2,7,10,
BIO3192,BIO3192 3,2,2025,10,2,PTN2,2,5,
BIO3192,BIO3192 4,2,2025,10,4,PTN4,7,10,
BIO3193,BIO3193 1,2,2025,10,4,PTN3,2,5,
BIO3193,BIO3193 2,2,2025,10,5,PTN4,7,10,
BIO3193,BIO3193 3,2,2025,10,5,PTN4,2,5,
BIO3193,BIO3193 4,2,2025,10,6,PTN4,2,5,
BIO3206,BIO3206,2,2025,10,2,408-T5,7,9,
BIO3220,BIO3220 CLC,2,2025,10,7,333T1,3,6,
BIO3228,BIO3228 CLC,2,2025,10,7,323T1,3,6,
BIO3234,BIO3234 CLC,2,2025,10,7,227T1,7,9,
BIO3241,BIO3241,2,2025,10,7,323T1,7,10,
BIO3249,BIO3249 CLC,2,2025,10,7,330T1,7,10,
BIO3252,BIO3252 1,2,2025,10,2,TH2,7,8,
BIO3252,BIO3252 2,2,2025,10,2,TH2,10,11,
BIO3252,BIO3252 3,2,2025,10,2,TH2,1,2,
BIO3252,BIO3252 4,2,2025,10,2,TH2,4,5,
BIO3298,BIO3298 TN,2,2025,10,7,230T1,10,12,
BIO3309,BIO3309 CLC,2,2025,10,7,137T1,3,6,
BIO3320,BIO3320 CLC,2,2025,10,7,132T1,1,4,
BIO3363,BIO3363 CLC,2,2025,10,7,332T1,7,10,
BIO3390,BIO3390 1,2,2025,10,2,PTN,4,5,
BIO3390,BIO3390 2,2,2025,10,2,PTN,7,8,
BIO3437,BIO3437 CLC,2,2025,10,7,338T1,7,10,
BIO3442,BIO3442 1 CLC,2,2025,10,4,TH1,1,2,
BIO3442,BIO3442 2 CLC,2,2025,10,4,TH1,4,5,
BIO3442,BIO3442 3 CLC,2,2025,10,4,TH1,7,8,
BIO3442,BIO3442 4 CLC,2,2025,10,4,TH1,10,11,
BIO3442,BIO3442 5 CLC,2,2025,10,5,TH1,1,2,
BIO3442,BIO3442 6 CLC,2,2025,10,5,TH1,4,5,
BIO3444,BIO3444 1 CLC,2,2025,10,4,204-T5,10,12,
BIO3444,BIO3444 2 CLC,2,2025,10,3,106-T5,9,11,
BIO3444,BIO3444 3 CLC,2,2025,10,3,205-T5,1,3,
BIO3445,BIO3445 CLC,2,2025,10,7,229T1,7,10,
BIO3701,BIO3701 TN,2,2025,10,5,105-T5,4,5,
BIO3702,BIO3702 1 CLC,2,2025,10,5,TH1,7,8,
BIO3702,BIO3702 2 CLC,2,2025,10,5,TH1,10,11,
BIO3702,BIO3702 3 CLC,2,2025,10,6,TH1,1,2,
BIO3702,BIO3702 4 CLC,2,2025,10,6,TH1,4,5,
BIO3702,BIO3702 5 CLC,2,2025,10,6,TH1,7,8,
BIO3702,BIO3702 6 CLC,2,2025,10,6,TH1,10,11,
BIO3802E,BIO3802E TN,2,2025,10,6,303-T5,7,9,
BIO3807,BIO3807 CLC,2,2025,10,7,132T1,5,8,
BIO3811,BIO3811 CLC,2,2025,10,7,332T1,3,6,
CHE1048,CHE1048 1,2,2025,10,2,2-LTT,7,8,
CHE1048,CHE1048 2,2,2025,10,2,1-LTT,1,2,
CHE1048,CHE1048 3,2,2025,10,2,4-LTT,9,11,
CHE1051,CHE1051 1,2,2025,10,3,207-T5,7,9,
CHE1051,CHE1051 2,2,2025,10,6,104-T5,10,12,
CHE1051,CHE1051 3,2,2025,10,6,104-T5,7,9,
CHE1051,CHE1051 4,2,2025,10,2,207-T5,7,9,
CHE1051,CHE1051 5,2,2025,10,4,103-T5,1,3,
CHE1051,CHE1051 6,2,2025,10,6,104-T5,4,6,
CHE1051,CHE1051 7,2,2025,10,3,103-T5,1,3,
CHE1054,CHE1054 1,2,2025,10,4,PTNVC,1,4,
CHE1054,CHE1054 10,2,2025,10,4,PTNVC,1,4,
CHE1054,CHE1054 11,2,2025,10,5,PTNVC,7,10,
CHE1054,CHE1054 12,2,2025,10,5,PTNVC,7,10,
CHE1054,CHE1054 13,2,2025,10,3,PTNVC,7,10,
CHE1054,CHE1054 14,2,2025,10,3,PTNVC,7,10,
CHE1054,CHE1054 15,2,2025,10,6,PTNVC,1,4,
CHE1054,CHE1054 16,2,2025,10,2,PTN,2,5,
CHE1054,CHE1054 17,2,2025,10,7,PTN,7,10,
CHE1054,CHE1054 18,2,2025,10,7,PTN,2,5,
CHE1054,CHE1054 19,2,2025,10,7,PTN,7,10,
CHE1054,CHE1054 2,2,2025,10,3,PTNVC,1,4,
CHE1054,CHE1054 20,2,2025,10,7,PTN,2,5,
CHE1054,CHE1054 21,2,2025,10,2,PTN,7,10,
CHE1054,CHE1054 3,2,2025,10,5,PTNVC,1,4,
CHE1054,CHE1054 4,2,2025,10,5,PTNVC,1,4,
CHE1054,CHE1054 5,2,2025,10,4,PTNVC,7,10,
CHE1054,CHE1054 6,2,2025,10,4,PTNVC,7,10,
CHE1054,CHE1054 7,2,2025,10,2,PTNVC,7,10,
CHE1054,CHE1054 8,2,2025,10,3,PTNVC,1,4,
CHE1054,CHE1054 9,2,2025,10,2,PTNVC,7,10,
CHE1055,CHE1055 1,2,2025,10,3,105-T5,1,2,
CHE1055,CHE1055 2,2,2025,10,4,207-T5,1,2,
CHE1057,CHE1057 1,2,2025,10,6,202-T4,4,6,
CHE1057,CHE1057 2,2,2025,10,6,201-T4,7,9,
CHE1057,CHE1057 3,2,2025,10,3,203-T5,4,6,
CHE1057,CHE1057 4,2,2025,10,2,201-T4,9,11,
CHE1058,CHE1058,2,2025,10,6,PTN,7,10,
CHE1062,CHE1062 1,2,2025,10,4,PTNCN,1,4,
CHE1062,CHE1062 2,2,2025,10,4,PTNCN,7,10,
CHE1062,CHE1062 3,2,2025,10,5,PTNCN,1,4,
CHE1062,CHE1062 4,2,2025,10,5,PTNCN,7,10,
CHE1065E,CHE1065E 1,2,2025,10,3,1-LTT,3,5,
CHE1065E,CHE1065E 2,2,2025,10,6,2-LTT,7,9,
CHE1065E,CHE1065E 3,2,2025,10,2,2-LTT,9,12,
CHE1065E,CHE1065E 4,2,2025,10,5,4-LTT,3,5,
CHE1067,CHE1067 1,2,2025,10,5,4-LTT,1,2,
CHE1067,CHE1067 2,2,2025,10,5,6-LTT,4,5,
CHE1067,CHE1067 3,2,2025,10,3,1-LTT,1,2,
CHE1067,CHE1067 4,2,2025,10,5,5-LTT,1,2,
CHE1069,CHE1069 1,2,2025,10,2,PTN,2,5,
CHE1069,CHE1069 2,2,2025,10,2,PTN,7,10,
CHE1069,CHE1069 3,2,2025,10,3,PTN,2,5,
CHE1069,CHE1069 4,2,2025,10,3,PTN,7,10,
CHE1069,CHE1069 6,2,2025,10,4,PTN,7,10,
CHE1069,CHE1069 7,2,2025,10,5,PTN,2,5,
CHE1069,CHE1069 8,2,2025,10,5,PTN,7,10,
CHE1075,CHE1075,2,2025,10,4,2-LTT,7,9,
CHE1075E,CHE1075E,2,2025,10,5,1-LTT,4,6,
CHE1077,CHE1077 1,2,2025,10,2,206-T5,7,9,
CHE1077,CHE1077 2,2,2025,10,5,206-T5,9,11,
CHE1077,CHE1077 3,2,2025,10,4,206-T5,1,3,
CHE1077,CHE1077 4,2,2025,10,3,206-T5,7,9,
CHE1077,CHE1077 5,2,2025,10,4,502-T3,7,9,
CHE1077E,CHE1077E 1,2,2025,10,5,206-T5,1,3,
CHE1077E,CHE1077E 2,2,2025,10,6,206-T5,1,3,
CHE1080,CHE1080 1,2,2025,10,2,402-T5,7,9,
CHE1080,CHE1080 10,2,2025,10,2,203-T5,1,3,
CHE1080,CHE1080 11,2,2025,10,3,406-T5,4,6,
CHE1080,CHE1080 12,2,2025,10,6,201-T5,2,4,
CHE1080,CHE1080 13,2,2025,10,3,209-T5,31-12,3,2025
CHE1080,CHE1080 2,2,2025,10,3,402-T5,7,9,
CHE1080,CHE1080 3,2,2025,10,2,202-T4,7,9,
CHE1080,CHE1080 4,2,2025,10,3,202-T4,7,9,
CHE1080,CHE1080 5,2,2025,10,6,203-T5,7,9,
CHE1080,CHE1080 6,2,2025,10,6,407-T5,7,9,
CHE1080,CHE1080 7,2,2025,10,2,203-T5,4,6,
CHE1080,CHE1080 8,2,2025,10,5,203-T5,4,6,
CHE1080,CHE1080 9,2,2025,10,4,302-T5,1,3,
CHE1080E,CHE1080E 1,2,2025,10,5,402-T5,1,3,
CHE1080E,CHE1080E 2,2,2025,10,4,203-T4,7,9,
CHE1080E,CHE1080E 3,2,2025,10,3,401-T4,7,9,
CHE1081,CHE1081 1,2,2025,10,4,205-T5,9,12,
CHE1081,CHE1081 2,2,2025,10,5,302-T4,3,6,
CHE1081,CHE1081 3,2,2025,10,6,304-T4,3,6,
CHE1081,CHE1081 4,2,2025,10,2,301-T4,3,6,
CHE1082,CHE1082 1,2,2025,10,5,102-T4,7,9,
CHE1082,CHE1082 2,2,2025,10,6,102-T4,1,3,
CHE1082,CHE1082 3,2,2025,10,6,103-T4,7,9,
CHE1082,CHE1082 4,2,2025,10,5,103-T4,7,9,
CHE1082E,CHE1082E 1,2,2025,10,3,102-T4,4,6,
CHE1082E,CHE1082E 2,2,2025,10,4,102-T4,4,6,
CHE1084E,CHE1084E 1,2,2025,10,5,6-LTT,1,3,
CHE1084E,CHE1084E 2,2,2025,10,3,6-LTT,1,2,
CHE1085,CHE1085 1,2,2025,10,6,PTN,2,5,
CHE1085,CHE1085 2,2,2025,10,6,PTN,7,9,
CHE1091,CHE1091 1,2,2025,10,3,2-LTT,7,9,
CHE1091,CHE1091 2,2,2025,10,2,4-LTT,4,6,
CHE1091,CHE1091 3,2,2025,10,2,4-LTT,7,9,
CHE1091,CHE1091 4,2,2025,10,3,2-LTT,4,6,
CHE1094E,CHE1094E CLC,2,2025,10,5,109-T5,1,3,
CHE1100E,CHE1100E 1 TN,2,2025,10,6,401-T5,4,5,
CHE1100E,CHE1100E 2 CLC,2,2025,10,2,401-T5,1,2,
CHE1129,CHE1129 1,2,2025,10,5,205-T5,9,11,
CHE1129,CHE1129 2,2,2025,10,3,206-T5,9,11,
CHE1131,CHE1131 1,2,2025,10,2,206-T5,9,11,
CHE1131,CHE1131 2,2,2025,10,5,206-T5,7,8,
CHE1132,CHE1132 1,2,2025,10,2,209-T5,7,8,
CHE1132,CHE1132 2,2,2025,10,2,209-T5,9,10,
CHE1132,CHE1132 3,2,2025,10,3,209-T5,7,8,
CHE1132,CHE1132 4,2,2025,10,3,209-T5,9,10,
CHE1132,CHE1132 5,2,2025,10,6,402-T5,3,6,
CHE1173,CHE1173 TN,2,2025,10,4,310-T5,7,9,
CHE1191,CHE1191 1,2,2025,10,6,PTN,2,5,
CHE1191,CHE1191 2,2,2025,10,5,PTN,7,10,
CHE1191,CHE1191 3,2,2025,10,5,PTN,2,5,
CHE1191,CHE1191 4,2,2025,10,6,PTN,7,10,
CHE2005,CHE2005 1,2,2025,10,3,PTNHC,7,10,
CHE2005,CHE2005 2,2,2025,10,3,PTNHC,1,4,
CHE2005,CHE2005 3,2,2025,10,4,PTNHC,1,4,
CHE2005,CHE2005 4,2,2025,10,6,PTNHC,1,4,
CHE2008,CHE2008,2,2025,10,2,PTNHL,1,4,
CHE2014,CHE2014 1,2,2025,10,6,4-LTT,4,6,
CHE2014,CHE2014 2,2,2025,10,5,2-LTT,4,6,
CHE2019,CHE2019 2,2,2025,10,5,PTNHL,1,4,
CHE2019,CHE2019 3,2,2025,10,3,PTNHL,1,4,
CHE2019,CHE2019 4,2,2025,10,4,PTNHL,1,4,
CHE2019,CHE2019 5,2,2025,10,3,PTNHL,7,9,
CHE2031E,CHE2031E 1,2,2025,10,6,1-LTT,7,9,
CHE2031E,CHE2031E 2,2,2025,10,5,4-LTT,7,9,
CHE2033E,CHE2033E 1,2,2025,10,5,1-LTT,1,3,
CHE2033E,CHE2033E 2,2,2025,10,2,3-LTT,9,11,
CHE2058,CHE2058,2,2025,10,5,1-LTT,7,9,
CHE2058E,CHE2058E,2,2025,10,5,2-LTT,10,12,
CHE2110E,CHE2110E CLC,2,2025,10,3,303-T5,1,2,
CHE2111,CHE2111 TN,2,2025,10,2,PTN,7,10,
CHE2112E,CHE2112E CLC,2,2025,10,5,401-T5,3,5,
CHE2113,CHE2113 1 CTDB,2,2025,10,6,PTNVC,7,10,
CHE2113,CHE2113 2 CTDB,2,2025,10,6,PTNVC,7,10,
CHE2114,CHE2114 TN,2,2025,10,5,301-T5,1,3,
CHE2116E,CHE2116E CLC,2,2025,10,3,107-T5,3,5,
CHE2117,CHE2117 TN,2,2025,10,5,PTN PT,1,4,
CHE2118,CHE2118 TN,2,2025,10,6,401-T5,1,3,
CHE2120,CHE2120 TN,2,2025,10,4,3-LTT,1,3,
CHE2123,CHE2123 TN,2,2025,10,5,PTNHL,7,10,
CHE2130E,CHE2130E CTDB,2,2025,10,2,5-LTT,9,11,
CHE2132,CHE2132 TN,2,2025,10,3,3-LTT,1,3,
CHE2137,CHE2137 TN,2,2025,10,6,3-LTT,1,3,
CHE2138E,CHE2138E TT,2,2025,10,5,3-LTT,7,9,
CHE2147E,CHE2147E 1,2,2025,10,2,2-LTT,1,3,
CHE2147E,CHE2147E 2,2,2025,10,4,1-LTT,10,12,
CHE2241,CHE2241 CTDB,2,2025,10,2,6-LTT,1,3,
CHE3010,CHE3010,2,2025,10,4,4-LTT,7,8,
CHE3013,CHE3013,2,2025,10,4,4-LTT,9,10,
CHE3020,CHE3020,2,2025,10,6,306-T5,3,4,
CHE3045,CHE3045 TN,2,2025,10,5,3-LTT,4,6,
CHE3046E,CHE3046E,2,2025,10,3,4-LTT,9,10,
CHE3047,CHE3047,2,2025,10,6,3-LTT,7,8,
CHE3073,CHE3073,2,2025,10,6,3-LTT,11,12,
CHE3135,CHE3135,2,2025,10,3,5-LTT,4,6,
CHE3140,CHE3140,2,2025,10,5,5-LTT,7,9,
CHE3142,CHE3142 1,2,2025,10,2,3-LTT,4,6,
CHE3142,CHE3142 2,2,2025,10,6,5-LTT,1,3,
CHE3142,CHE3142 3,2,2025,10,5,2-LTT,1,3,
CHE3171,CHE3171 1,2,2025,10,2,4-LTT,1,3,
CHE3171,CHE3171 2,2,2025,10,4,5-LTT,1,3,
CHE3184,CHE3184,2,2025,10,3,6-LTT,4,5,
CHE3185,CHE3185 1,2,2025,10,4,2-LTT,1,2,
CHE3185,CHE3185 2,2,2025,10,2,5-LTT,7,8,
CHE3193,CHE3193,2,2025,10,2,3-LTT,1,3,
CHE3198,CHE3198 1,2,2025,10,4,PTNMT,7,10,
CHE3198,CHE3198 2,2,2025,10,2,PTNMT,7,10,
CHE3200,CHE3200,2,2025,10,2,PTNHd,1,4,
CHE3211,CHE3211 CTDB,2,2025,10,4,1-LTT,4,6,
CHE3215,CHE3215 CTDB,2,2025,10,6,1-LTT,4,6,
CHE3219,CHE3219 CTDB,2,2025,10,6,1-LTT,1,3,
CHE3220,CHE3220 CTDB,2,2025,10,5,3-LTT,10,12,
CHE3234,CHE3234 CTDB,2,2025,10,2,6-LTT,4,6,
CHE3239,CHE3239,2,2025,10,6,6-LTT,1,3,
CHE3243,CHE3243,2,2025,10,6,6-LTT,4,6,
CHE3248,CHE3248 CTDB,2,2025,10,3,1-LTT,7,9,
CHE3250,CHE3250 CTDB,2,2025,10,3,1-LTT,10,12,
CHE3251E,CHE3251E 1,2,2025,10,2,2-LTT,4,6,
CHE3251E,CHE3251E 2,2,2025,10,3,4-LTT,1,3,
CHE3255,CHE3255 1,2,2025,10,2,PTN CNHH,1,4,
CHE3255,CHE3255 2,2,2025,10,3,PTN CNHH,1,4,
CHE3255,CHE3255 3,2,2025,10,6,PTN CNHH,1,4,
CHE3257,CHE3257,2,2025,10,6,3-LTT,9,10,
CHE3263E,CHE3263E,2,2025,10,5,6-LTT,7,8,
CHE3264,CHE3264,2,2025,10,3,4-LTT,7,8,
CHE3267,CHE3267,2,2025,10,5,6-LTT,9,10,
CHE3279,CHE3279,2,2025,10,3,5-LTT,1,3,
CHE3282E,CHE3282E,2,2025,10,4,2-LTT,4,5,
CHE3283E,CHE3283E,2,2025,10,3,2-LTT,1,3,
CHE3301,CHE3301 10,2,2025,10,5,PTN,7,10,
CHE3301,CHE3301 11,2,2025,10,4,PTN,7,10,
CHE3301,CHE3301 12,2,2025,10,6,PTN,1,4,
CHE3301,CHE3301 14,2,2025,10,6,PTN,1,4,
CHE3301,CHE3301 2,2,2025,10,2,PTN,7,10,
CHE3301,CHE3301 3,2,2025,10,3,PTN,1,4,
CHE3301,CHE3301 5,2,2025,10,4,PTN,1,4,
CHE3301,CHE3301 6,2,2025,10,5,PTN,1,4,
CHE3301,CHE3301 7,2,2025,10,3,PTN,7,10,
CHE3301,CHE3301 8,2,2025,10,4,PTN,1,4,
CHE3303,CHE3303 1,2,2025,10,4,2-LTT,10,12,
CHE3303,CHE3303 2,2,2025,10,2,1-LTT,10,12,
CHE3303,CHE3303 3,2,2025,10,2,1-LTT,7,9,
CHE3303,CHE3303 4,2,2025,10,4,1-LTT,7,9,
CHE3303E,CHE3303E 1,2,2025,10,4,5-LTT,7,9,
CHE3303E,CHE3303E 2,2,2025,10,4,4-LTT,1,3,
EVF2001,EVF2001 1,2,2025,10,2,109-T5,1,3,
EVF2001,EVF2001 2,2,2025,10,3,204-T5,4,6,
EVF2026,EVF2026,2,2025,10,3,102-T4,9,10,
EVF2030,EVF2030,2,2025,10,3,103-T4,4,6,
EVF2040,EVF2040 1,2,2025,10,4,102-T4,1,3,
EVF2040,EVF2040 2,2,2025,10,3,102-T4,1,3,
EVS1100,EVS1100 1,2,2025,10,2,206-T5,3,4,
EVS1100,EVS1100 2,2,2025,10,4,103-T4,1,2,
EVS1102,EVS1102 1,2,2025,10,3,401-T2,10,12,
EVS1102,EVS1102 2,2,2025,10,6,401-T2,7,9,
EVS1102,EVS1102 3,2,2025,10,6,401-T2,10,12,
EVS1102,EVS1102 4,2,2025,10,6,401-T2,4,6,
EVS1103,EVS1103 CLC,2,2025,10,3,401-T5,1,2,
EVS1103E,EVS1103E 1,2,2025,10,3,408-T5,5,6,
EVS1103E,EVS1103E 2,2,2025,10,4,104-T4,3,4,
EVS1104,EVS1104 1,2,2025,10,4,408-T5,3,4,
EVS1105E,EVS1105E,2,2025,10,2,102-T4,1,3,
EVS1106,EVS1106 1,2,2025,10,4,103-T4,9,11,
EVS1106,EVS1106 2,2,2025,10,5,102-T4,1,3,
EVS1110,EVS1110 1,2,2025,10,3,104-T4,1,3,
EVS1110,EVS1110 2,2,2025,10,3,104-T4,4,6,
EVS1112,EVS1112 1,2,2025,10,4,PTN2,2,6,
EVS1112,EVS1112 2,2,2025,10,4,PTN2,7,11,
EVS1112,EVS1112 3,2,2025,10,5,PTN2,2,6,
EVS1112,EVS1112 4,2,2025,10,5,PTN2,7,11,
EVS1112,EVS1112 5,2,2025,10,5,PTN3,2,6,
EVS1112,EVS1112 7,2,2025,10,5,PTN3,7,11,
EVS1113,EVS1113,2,2025,10,3,413-T5,1,3,
EVS1115E,EVS1115E 1,2,2025,10,2,201-T5,4,6,
EVS1115E,EVS1115E 2,2,2025,10,2,209-T5,4,6,
EVS1115E,EVS1115E 3,2,2025,10,3,109-T5,1,3,
EVS1116,EVS1116,2,2025,10,2,111-T5,1,3,
EVS1119E,EVS1119E,2,2025,10,2,111-T5,4,6,
EVS1122,EVS1122,2,2025,10,3,206-T5,4,6,
EVS1124,EVS1124 1,2,2025,10,2,PTN1,7,10,
EVS1124,EVS1124 2,2,2025,10,4,PTN1,2,5,
EVS1124,EVS1124 3,2,2025,10,5,PTN1,2,5,
EVS1124,EVS1124 4,2,2025,10,6,PTN1,2,5,
EVS1124,EVS1124 5,2,2025,10,6,PTN2,7,10,
EVS1124,EVS1124 6,2,2025,10,3,PTN1,7,10,
EVS1124,EVS1124 7,2,2025,10,5,PTN1,7,10,
EVS1125,EVS1125 1,2,2025,10,2,PTN2,7,10,
EVS1125,EVS1125 2,2,2025,10,4,PTN3,7,10,
EVS1128,EVS1128 1 CLC,2,2025,10,3,210-T5,7,9,
EVS1128,EVS1128 2,2,2025,10,6,206-T5,7,9,
EVS1146,EVS1146,2,2025,10,3,309-T5,1,2,
EVS1152,EVS1152 CLC,2,2025,10,3,410-T5,3,4,
EVS1158E,EVS1158E 1,2,2025,10,3,109-T5,7,9,
EVS1158E,EVS1158E 2,2,2025,10,6,104-T5,1,3,
EVS1160,EVS1160 1,2,2025,10,2,211-T5,7,8,
EVS1160,EVS1160 2,2,2025,10,2,303-T5,9,10,
EVS1160,EVS1160 3 CLC,2,2025,10,3,213-T5,10,11,
EVS1164,EVS1164 CLC,2,2025,10,2,513-T5,7,8,
EVS1165,EVS1165 CLC,2,2025,10,6,112-T5,1,3,
EVS1169,EVS1169,2,2025,10,2,210-T5,1,3,
EVS1170,EVS1170,2,2025,10,4,210-T5,1,2,
EVS1171,EVS1171,2,2025,10,5,211-T5,1,3,
EVS1173,EVS1173,2,2025,10,2,204-T5,9,11,
EVS1174,EVS1174,2,2025,10,5,BM,5,6,
EVS1175E,EVS1175E,2,2025,10,2,BM,7,9,
EVS1177,EVS1177,2,2025,10,3,BM,7,9,
EVS1178,EVS1178,2,2025,10,3,BM,10,11,
EVS1179,EVS1179,2,2025,10,4,BM,3,4,
EVS1180,EVS1180,2,2025,10,4,BM,5,6,
EVS1181,EVS1181,2,2025,10,3,BM,1,2,
EVS1183,EVS1183,2,2025,10,3,BM,5,6,
EVS1184,EVS1184,2,2025,10,5,BM,7,9,
EVS1185E,EVS1185E,2,2025,10,5,BM,1,3,
EVS1186,EVS1186,2,2025,10,4,BM,3,4,
EVS1189,EVS1189,2,2025,10,3,BM,4,6,
EVS1190,EVS1190,2,2025,10,5,BM,1,3,
EVS1191,EVS1191,2,2025,10,3,401-T2,5,6,
EVS1192,EVS1192,2,2025,10,4,BM,1,3,
EVS1193,EVS1193,2,2025,10,3,401-T2,7,9,
EVS1194,EVS1194,2,2025,10,4,BM,4,6,
EVS1195,EVS1195,2,2025,10,2,BM,1,3,
EVS1196,EVS1196,2,2025,10,3,BM,1,2,
EVS1209,EVS1209,2,2025,10,2,210-T5,4,6,
EVS1212E,EVS1212E 1,2,2025,10,3,206-T5,1,3,
EVS1212E,EVS1212E 2,2,2025,10,3,204-T5,1,3,
EVS1213,EVS1213,2,2025,10,3,208-T5,4,6,
EVS1214,EVS1214,2,2025,10,6,208-T5,7,9,
EVS1223,EVS1223,2,2025,10,2,109-T5,10,12,
EVS1224,EVS1224,2,2025,10,2,509-T3,7,9,
EVS1228,EVS1228,2,2025,10,5,102-T4,4,6,
EVS1229,EVS1229,2,2025,10,4,102-T4,9,10,
EVS1235,EVS1235,2,2025,10,4,103-T4,7,8,
EVS1244,EVS1244,2,2025,10,2,306-T5,1,3,
EVS1246,EVS1246,2,2025,10,3,306-T5,7,8,
EVS1248,EVS1248,2,2025,10,4,304-T5,7,8,
EVS1251,EVS1251,2,2025,10,2,306-T5,4,6,
EVS1258,EVS1258,2,2025,10,3,306-T5,1,3,
EVS1283,EVS1283 1,2,2025,10,6,303-T5,10,11,
EVS1283,EVS1283 2,2,2025,10,6,108-T5,10,11,
EVS2301,EVS2301 CLC,2,2025,10,2,402-T4,7,9,
EVS3257,EVS3257,2,2025,10,5,BM,1,2,
EVS3259,EVS3259,2,2025,10,4,BM,5,6,
EVS3267,EVS3267,2,2025,10,3,BM,3,4,
EVS3274E,EVS3274E,2,2025,10,5,BM,7,9,
EVS3286E,EVS3286E 1,2,2025,10,3,PTN1,7,10,
EVS3286E,EVS3286E 2,2,2025,10,6,PTN3,2,5,
EVS3291E,EVS3291E CLC,2,2025,10,3,105-T5,7,9,
EVS3292E,EVS3292E CLC,2,2025,10,3,401-T5,4,6,
EVS3293E,EVS3293E CLC,2,2025,10,4,313-T5,1,3,
EVS3294,EVS3294 CLC,2,2025,10,3,313-T5,1,3,
EVS3307,EVS3307 CLC,2,2025,10,2,401-T2,1,2,
EVS3331,EVS3331 1,2,2025,10,4,401-T2,2,5,
EVS3331,EVS3331 2,2,2025,10,4,401-T2,7,10,
EVS3331,EVS3331 3,2,2025,10,5,401-T2,2,5,
EVS3331,EVS3331 4,2,2025,10,5,401-T2,7,10,
EVS3403,EVS3403 CLC,2,2025,10,3,213-T5,7,9,
EVS3406,EVS3406,2,2025,10,2,102-T4,7,8,
EVS3415,EVS3415,2,2025,10,2,401-T2,7,9,
EVS3418,EVS3418,2,2025,10,5,313-T5,3,4,
EVS3420,EVS3420,2,2025,10,2,BM,10,11,
EVS3424,EVS3424,2,2025,10,5,BM,10,12,
EVS3425,EVS3425,2,2025,10,3,BM,1,3,
EVS3427E,EVS3427E,2,2025,10,4,BM,1,2,
EVS3456,EVS3456 CLC,2,2025,10,2,313-T5,1,2,
EVS3463,EVS3463,2,2025,10,3,207-T5,10,12,
EVS3468E,EVS3468E CLC,2,2025,10,6,102-T4,4,6,
FLF1107,FLF1107 1,2,2025,10,2,Trực tuyến,3,6,
FLF1107,FLF1107 10,2,2025,10,6,Trực tuyến,7,9,
FLF1107,FLF1107 2,2,2025,10,2,Trực tuyến,7,9,
FLF1107,FLF1107 3,2,2025,10,3,Trực tuyến,3,6,
FLF1107,FLF1107 4,2,2025,10,3,Trực tuyến,7,9,
FLF1107,FLF1107 5,2,2025,10,4,Trực tuyến,3,6,
FLF1107,FLF1107 6,2,2025,10,4,Trực tuyến,7,9,
FLF1107,FLF1107 7,2,2025,10,5,Trực tuyến,3,6,
FLF1107,FLF1107 8,2,2025,10,5,Trực tuyến,7,9,
FLF1107,FLF1107 9,2,2025,10,6,Trực tuyến,3,6,
GEO1101,GEO1101,2,2025,10,2,111-T5,9,11,
GEO1103,GEO1103 1,2,2025,10,3,211-T5,7,9,
GEO1103,GEO1103 2,2,2025,10,3,514-T4,9,11,
GEO1104,GEO1104 1,2,2025,10,2,301-T5,11,12,
GEO1104,GEO1104 2,2,2025,10,4,309-T5,9,10,
GEO1104,GEO1104 3,2,2025,10,4,309-T5,11,12,
GEO1104,GEO1104 4,2,2025,10,5,311-T5,9,10,
GEO1104,GEO1104 5,2,2025,10,5,311-T5,11,12,
GEO1105,GEO1105 1,2,2025,10,3,107-T5,9,10,
GEO1105,GEO1105 2,2,2025,10,5,111-T5,9,10,
GEO1105,GEO1105 3,2,2025,10,5,111-T5,11,12,
GEO1105,GEO1105 4,2,2025,10,4,106-T5,9,10,
GEO1105,GEO1105 5,2,2025,10,4,106-T5,11,12,
GEO1106,GEO1106 1,2,2025,10,4,210-T5,7,9,
GEO1106,GEO1106 2,2,2025,10,4,209-T5,1,3,
GEO1106,GEO1106 3,2,2025,10,4,202-T4,1,3,
GEO1107,GEO1107,2,2025,10,3,106-T5,7,8,
GEO1108,GEO1108,2,2025,10,3,301-T4,9,10,
GEO1109,GEO1109 2,2,2025,10,2,502-T3,7,8,
GEO1114,GEO1114,2,2025,10,5,210-T5,7,9,
GEO1118,GEO1118,2,2025,10,4,211-T5,9,12,
GEO1120,GEO1120,2,2025,10,5,306-T5,7,9,
GEO1125,GEO1125,2,2025,10,6,404-T5,9,11,
GEO1129,GEO1129,2,2025,10,6,BM,1,3,
GEO1130,GEO1130,2,2025,10,6,BM,4,6,
GEO1131,GEO1131,2,2025,10,4,BM,1,4,
GEO1132,GEO1132,2,2025,10,5,BM,4,5,
GEO1134,GEO1134,2,2025,10,4,BM,4,6,
GEO1135,GEO1135,2,2025,10,5,BM,4,6,
GEO1136,GEO1136,2,2025,10,6,BM,1,2,
GEO1137,GEO1137,2,2025,10,6,BM,5,6,
GEO1142,GEO1142,2,2025,10,3,BM,1,3,
GEO1148,GEO1148,2,2025,10,3,BM,1,4,
GEO1149,GEO1149,2,2025,10,4,BM,7,9,
GEO1150,GEO1150,2,2025,10,5,BM,1,3,
GEO1151,GEO1151,2,2025,10,6,BM,4,6,
GEO1180,GEO1180 1,2,2025,10,5,401-T4,7,9,
GEO1180,GEO1180 2,2,2025,10,5,105-T5,1,3,
GEO1180,GEO1180 3,2,2025,10,5,106-T5,1,3,
GEO1181,GEO1181,2,2025,10,4,401-T5,9,11,
GEO1182,GEO1182,2,2025,10,5,413-T5,7,9,
GEO1192,GEO1192,2,2025,10,2,107-T5,1,3,
GEO1203,GEO1203 1,2,2025,10,4,401-T5,3,5,
GEO1203,GEO1203 2,2,2025,10,5,403-T4,4,6,
GEO1211,GEO1211,2,2025,10,4,410-T5,4,6,
GEO1212,GEO1212,2,2025,10,4,108-T5,1,2,
GEO1214,GEO1214,2,2025,10,5,207-T5,5,6,
GEO1215,GEO1215,2,2025,10,6,101-T5,5,6,
GEO1217,GEO1217,2,2025,10,3,301-T4,5,6,
GEO1218,GEO1218,2,2025,10,4,413-T5,4,6,
GEO1219,GEO1219,2,2025,10,5,107-T5,4,6,
GEO1220,GEO1220,2,2025,10,6,105-T5,3,4,
GEO1221,GEO1221,2,2025,10,6,310-T5,1,2,
GEO1230,GEO1230 1,2,2025,10,3,302-T4,9,10,
GEO1230,GEO1230 2,2,2025,10,3,302-T4,11,12,
GEO1257,GEO1257,2,2025,10,3,BM,1,3,
GEO1260,GEO1260,2,2025,10,4,BM,1,3,
GEO1262,GEO1262,2,2025,10,5,BM,1,3,
GEO1263,GEO1263,2,2025,10,6,BM,4,6,
GEO1265,GEO1265,2,2025,10,2,BM,1,3,
GEO1266,GEO1266,2,2025,10,3,BM,1,3,
GEO1267,GEO1267,2,2025,10,5,BM,1,3,
GEO1268,GEO1268,2,2025,10,5,BM,4,6,
GEO1269,GEO1269,2,2025,10,5,BM,1,3,
GEO1271,GEO1271,2,2025,10,4,BM,1,3,
GEO1273,GEO1273,2,2025,10,4,BM,4,6,
GEO2059,GEO2059,2,2025,10,4,513-T5,7,9,
GEO2092,GEO2092,2,2025,10,3,112-T5,4,6,
GEO3103,GEO3103,2,2025,10,6,410-T5,7,9,
GEO3128,GEO3128,2,2025,10,4,306-T5,1,3,
GEO3135,GEO3135,2,2025,10,5,112-T5,4,6,
GLO1112,GLO1112,2,2025,10,2,605T5,4,6,
GLO2001,GLO2001 1,2,2025,10,5,208-T5,3,6,
GLO2001,GLO2001 2,2,2025,10,5,208-T5,9,12,
GLO2023,GLO2023,2,2025,10,4,610T5,3,6,
GLO2068,GLO2068,2,2025,10,6,310-T5,4,6,
GLO2087,GLO2087 1,2,2025,10,3,202-T5,4,6,
GLO2087,GLO2087 2,2,2025,10,5,202-T5,4,6,
GLO2091,GLO2091 CLC,2,2025,10,2,PTNT2,10,12,
GLO2213,GLO2213 1,2,2025,10,3,208-T5,7,9,
GLO2213,GLO2213 2,2,2025,10,5,512-T4,7,9,
GLO2214,GLO2214 1,2,2025,10,4,403-T4,4,6,
GLO2214,GLO2214 2,2,2025,10,2,403-T4,7,9,
GLO3076,GLO3076,2,2025,10,2,304-T5,10,12,
GLO3094,GLO3094,2,2025,10,4,111-T5,4,6,
GLO3102,GLO3102,2,2025,10,6,111-T5,7,9,
GLO3105,GLO3105,2,2025,10,2,210-T5,10,12,
GLO3110,GLO3110 1,2,2025,10,2,105-T5,4,6,
GLO3110,GLO3110 2,2,2025,10,5,403-T4,1,3,
GLO3127,GLO3127,2,2025,10,3,211-T5,1,4,
GLO3151,GLO3151,2,2025,10,3,210-T5,10,12,
GLO3171,GLO3171,2,2025,10,2,604T5,3,6,
GLO3196,GLO3196 CLC,2,2025,10,4,604T5,1,4,
GLO3212,GLO3212,2,2025,10,4,604T5,7,10,
GLO3213,GLO3213,2,2025,10,3,604T5,9,12,
GLO3219,GLO3219,2,2025,10,2,604T5,9,12,
GLO3226,GLO3226,2,2025,10,6,211-T5,10,12,
GLO3231,GLO3231,2,2025,10,5,211-T5,7,9,
GLO3233,GLO3233,2,2025,10,2,112-T5,4,6,
GLO3237,GLO3237,2,2025,10,3,413-T5,7,9,
GLO3238,GLO3238,2,2025,10,4,112-T5,10,12,
GLO3239,GLO3239,2,2025,10,6,111-T5,10,12,
GLO3252,GLO3252,2,2025,10,2,210-T5,7,9,
HIS1001,HIS1001 1,2,2025,10,4,208-T5,7,8,
HIS1001,HIS1001 10,2,2025,10,4,301-T4,7,8,
HIS1001,HIS1001 11,2,2025,10,4,301-T4,9,10,
HIS1001,HIS1001 12,2,2025,10,4,204-T4,5,6,
HIS1001,HIS1001 2,2,2025,10,6,107-T5,5,6,
HIS1001,HIS1001 3,2,2025,10,6,105-T5,1,2,
HIS1001,HIS1001 4,2,2025,10,6,106-T5,1,2,
HIS1001,HIS1001 5,2,2025,10,6,107-T5,3,4,
HIS1001,HIS1001 6,2,2025,10,2,203-T4,10,11,
HIS1001,HIS1001 7,2,2025,10,3,203-T4,10,11,
HIS1001,HIS1001 8,2,2025,10,2,302-T4,3,4,
HIS1001,HIS1001 9,2,2025,10,2,302-T4,5,6,
HIS1056,HIS1056 1,2,2025,10,5,402-T5,4,6,
HIS1056,HIS1056 10,2,2025,10,3,203-T4,7,9,
HIS1056,HIS1056 11,2,2025,10,5,402-T5,7,9,
HIS1056,HIS1056 12,2,2025,10,5,201-T4,7,9,
HIS1056,HIS1056 13,2,2025,10,4,308-T5,1,3,
HIS1056,HIS1056 14,2,2025,10,4,413-T5,7,9,
HIS1056,HIS1056 2,2,2025,10,5,203-T5,1,3,
HIS1056,HIS1056 3,2,2025,10,5,203-T4,9,11,
HIS1056,HIS1056 4,2,2025,10,2,204-T5,4,6,
HIS1056,HIS1056 5,2,2025,10,2,204-T5,1,3,
HIS1056,HIS1056 6,2,2025,10,6,201-T5,7,9,
HIS1056,HIS1056 7,2,2025,10,3,201-T4,7,9,
HIS1056,HIS1056 8,2,2025,10,3,204-T4,7,9,
HIS1056,HIS1056 9,2,2025,10,2,203-T4,7,9,
HMO1102,HMO1102,2,2025,10,3,311-T5,3,4,
HMO1103,HMO1103 1,2,2025,10,3,112-T5,7,8,
HMO1103,HMO1103 2,2,2025,10,2,302-T4,11,12,
HMO1104,HMO1104,2,2025,10,5,209-T5,3,4,
HMO1105,HMO1105,2,2025,10,3,201-T5,3,4,
HMO1107,HMO1107,2,2025,10,4,112-T5,3,4,
HMO1110,HMO1110,2,2025,10,4,210-T5,3,4,
HMO1113,HMO1113,2,2025,10,4,108-T5,7,9,
HMO1114,HMO1114,2,2025,10,5,108-T5,9,11,
HMO1116,HMO1116,2,2025,10,4,210-T5,10,11,
HMO1122,HMO1122,2,2025,10,6,106-T5,3,4,
HMO1128,HMO1128,2,2025,10,2,112-T5,7,9,
HMO1129,HMO1129,2,2025,10,2,204-T4,3,4,
HMO1138,HMO1138,2,2025,10,2,213-T5,7,8,
HMO1139,HMO1139,2,2025,10,3,213-T5,3,4,
HMO1143,HMO1143,2,2025,10,6,213-T5,3,4,
HMO1145,HMO1145,2,2025,10,3,410-T5,9,10,
HMO1152,HMO1152,2,2025,10,5,410-T5,7,8,
HMO1153,HMO1153,2,2025,10,6,313-T5,9,10,
HMO1155,HMO1155,2,2025,10,4,410-T5,7,8,
HMO1170,HMO1170,2,2025,10,4,301-T5,3,4,
HMO1172,HMO1172,2,2025,10,6,310-T5,7,8,
HMO1176,HMO1176,2,2025,10,2,211-T5,9,10,
HMO1177,HMO1177,2,2025,10,3,204-T5,7,8,
HMO1178,HMO1178,2,2025,10,6,210-T5,7,8,
HMO1179,HMO1179,2,2025,10,2,313-T5,10,12,
HMO1184,HMO1184,2,2025,10,3,201-T5,7,8,
HMO1185,HMO1185,2,2025,10,4,213-T5,3,4,
HMO1189,HMO1189,2,2025,10,3,401T3,4,6,
HMO1192,HMO1192,2,2025,10,7,BM,7,10,
HMO1193,HMO1193,2,2025,10,6,410-T5,3,4,
HMO1195,HMO1195,2,2025,10,5,213-T5,3,4,
HMO2021,HMO2021,2,2025,10,6,309-T5,2,3,
HMO3083,HMO3083,2,2025,10,6,210-T5,3,4,
HMO3188,HMO3188,2,2025,10,5,410-T5,3,4,
HMO3315,HMO3315,2,2025,10,5,108-T5,3,4,
HMO3401,HMO3401,2,2025,10,2,410-T5,9,10,
HUS1011,HUS1011 1,2,2025,10,3,PM,7,9,
HUS1011,HUS1011 2,2,2025,10,3,PM,10,12,
HUS1011,HUS1011 3,2,2025,10,3,PM,7,9,
HUS1011,HUS1011 4,2,2025,10,3,PM,10,12,
HUS1011,HUS1011 5,2,2025,10,3,PM,1,3,
HUS1011,HUS1011 6,2,2025,10,3,PM,4,6,
HUS1011,HUS1011 7,2,2025,10,3,PM,1,3,
HUS1011,HUS1011 8,2,2025,10,3,PM,4,6,
HUS1012,HUS1012 10E,2,2025,10,5,102T5,7,9,
HUS1012,HUS1012 11F,2,2025,10,4,102T5,4,6,
HUS1012,HUS1012 12F,2,2025,10,4,102T5,7,9,
HUS1012,HUS1012 13G,2,2025,10,2,102T5,7,9,
HUS1012,HUS1012 14G,2,2025,10,6,102T5,7,9,
HUS1012,HUS1012 15H,2,2025,10,3,102T5,7,9,
HUS1012,HUS1012 16I,2,2025,10,2,102T5,10,12,
HUS1012,HUS1012 17K,2,2025,10,3,102T5,10,12,
HUS1012,HUS1012 1A,2,2025,10,2,102T5,1,3,
HUS1012,HUS1012 1BS (1TC),2,2025,10,5,102T5,10,12,
HUS1012,HUS1012 2A,2,2025,10,5,102T5,1,3,
HUS1012,HUS1012 2BS (1TC),2,2025,10,6,102T5,10,12,
HUS1012,HUS1012 3B,2,2025,10,2,102T5,4,6,
HUS1012,HUS1012 3BS (1TC),2,2025,10,5,102T5,10,12,
HUS1012,HUS1012 4B,2,2025,10,5,102T5,4,6,
HUS1012,HUS1012 5C,2,2025,10,3,102T5,1,3,
HUS1012,HUS1012 6C,2,2025,10,6,102T5,1,3,
HUS1012,HUS1012 7D,2,2025,10,3,102T5,4,6,
HUS1012,HUS1012 8D,2,2025,10,6,102T5,4,6,
HUS1012,HUS1012 9E,2,2025,10,4,102T5,1,3,
HUS1021,HUS1021 1,2,2025,10,6,103-T5,1,2,
HUS1021,HUS1021 10,2,2025,10,6,209-T5,9,10,
HUS1021,HUS1021 11,2,2025,10,6,209-T5,7,8,
HUS1021,HUS1021 12,2,2025,10,6,207-T5,7,8,
HUS1021,HUS1021 13,2,2025,10,2,502-T3,1,2,
HUS1021,HUS1021 14,2,2025,10,2,211-T5,1,2,
HUS1021,HUS1021 15,2,2025,10,4,502-T3,5,6,
HUS1021,HUS1021 16,2,2025,10,3,205-T5,7,8,
HUS1021,HUS1021 17,2,2025,10,4,302-T4,4,5,
HUS1021,HUS1021 18,2,2025,10,5,108-T5,1,2,
HUS1021,HUS1021 2,2,2025,10,6,107-T5,1,2,
HUS1021,HUS1021 20,2,2025,10,2,104-T4,5,6,
HUS1021,HUS1021 21,2,2025,10,4,107-T5,9,10,
HUS1021,HUS1021 22,2,2025,10,4,107-T5,11,12,
HUS1021,HUS1021 23,2,2025,10,2,203-T5,9,10,
HUS1021,HUS1021 24,2,2025,10,2,203-T5,11,12,
HUS1021,HUS1021 25,2,2025,10,3,108-T5,9,10,
HUS1021,HUS1021 26,2,2025,10,3,108-T5,11,12,
HUS1021,HUS1021 3,2,2025,10,6,111-T5,3,4,
HUS1021,HUS1021 4,2,2025,10,6,211-T5,3,4,
HUS1021,HUS1021 5,2,2025,10,4,203-T5,3,4,
HUS1021,HUS1021 6,2,2025,10,4,201-T5,3,4,
HUS1021,HUS1021 7,2,2025,10,4,203-T5,5,6,
HUS1021,HUS1021 8,2,2025,10,4,201-T5,5,6,
HUS1021,HUS1021 9,2,2025,10,6,207-T5,9,10,
HUS1022,HUS1022 1,2,2025,10,2,513-T4,1,3,
HUS1022,HUS1022 10,2,2025,10,5,207-T5,7,9,
HUS1022,HUS1022 11,2,2025,10,4,207-T5,7,9,
HUS1022,HUS1022 12,2,2025,10,4,207-T5,10,12,
HUS1022,HUS1022 13,2,2025,10,5,204-T5,7,9,
HUS1022,HUS1022 14,2,2025,10,5,204-T5,10,12,
HUS1022,HUS1022 2,2,2025,10,5,303-T4,1,3,
HUS1022,HUS1022 3,2,2025,10,3,308-T5,4,6,
HUS1022,HUS1022 4,2,2025,10,5,509-T3,1,3,
HUS1022,HUS1022 5,2,2025,10,5,509-T3,4,6,
HUS1022,HUS1022 6,2,2025,10,5,513-T4,4,6,
HUS1022,HUS1022 7,2,2025,10,5,210-T5,1,3,
HUS1022,HUS1022 8,2,2025,10,5,513-T4,1,3,
HUS1022,HUS1022 9,2,2025,10,5,205-T5,4,6,
HUS1023,HUS1023 1,2,2025,10,3,403-T5,3,5,
HUS1023,HUS1023 2,2,2025,10,5,403-T5,3,5,
HUS1023,HUS1023 3,2,2025,10,4,204-T4,7,9,
HUS1023,HUS1023 4,2,2025,10,3,203-T5,7,9,
HUS1023,HUS1023 5,2,2025,10,4,403-T4,7,9,
HUS1023,HUS1023 6,2,2025,10,6,403-T4,7,9,
HUS1024,HUS1024 1,2,2025,10,2,513-T4,4,6,
HUS1024,HUS1024 2,2,2025,10,6,208-T5,10,12,
HUS1024,HUS1024 3,2,2025,10,3,308-T5,7,9,
HUS1024,HUS1024 4,2,2025,10,2,308-T5,7,9,
HUS1024,HUS1024 5,2,2025,10,5,509-T3,7,9,
HUS1024,HUS1024 6,2,2025,10,5,513-T4,10,12,
HUS1024,HUS1024 7,2,2025,10,4,205-T5,4,6,
HUS1024,HUS1024 8,2,2025,10,4,304-T4,9,11,
MAT1090,MAT1090 1,2,2025,10,3,304-T4,7,8,
MAT1090,MAT1090 10,2,2025,10,2,304-T4,3,6,
MAT1090,MAT1090 11,2,2025,10,3,202-T4,10,11,
MAT1090,MAT1090 2,2,2025,10,5,204-T5,3,4,
MAT1090,MAT1090 3,2,2025,10,5,204-T5,5,6,
MAT1090,MAT1090 4,2,2025,10,4,407-T5,4,5,
MAT1090,MAT1090 5,2,2025,10,2,302-T4,7,8,
MAT1090,MAT1090 6,2,2025,10,6,204-T5,7,10,
MAT1090,MAT1090 7,2,2025,10,5,403-T4,7,10,
MAT1090,MAT1090 8,2,2025,10,3,302-T5,7,10,
MAT1090,MAT1090 9,2,2025,10,6,301-T4,3,6,
MAT1090E,MAT1090E 1,2,2025,10,4,513-T4,7,8,
MAT1090E,MAT1090E 2,2,2025,10,6,408-T5,9,10,
MAT1090E,MAT1090E 3,2,2025,10,3,105-T5,10,11,
MAT1091,MAT1091 1,2,2025,10,4,309-T5,3,4,
MAT1091,MAT1091 10,2,2025,10,2,201-T5,10,11,
MAT1091,MAT1091 2,2,2025,10,3,301-T4,7,8,
MAT1091,MAT1091 3,2,2025,10,6,202-T4,7,8,
MAT1091,MAT1091 4,2,2025,10,5,302-T5,3,6,
MAT1091,MAT1091 5,2,2025,10,2,203-T4,1,2,
MAT1091,MAT1091 6,2,2025,10,3,513-T4,5,6,
MAT1091,MAT1091 7,2,2025,10,3,203-T4,5,6,
MAT1091,MAT1091 8,2,2025,10,4,203-T5,7,8,
MAT1091,MAT1091 9,2,2025,10,2,302-T5,3,6,
MAT1092,MAT1092 1,2,2025,10,3,404-T5,1,4,
MAT1092,MAT1092 2,2,2025,10,6,203-T5,1,4,
MAT1101,MAT1101 1,2,2025,10,4,513-T4,5,6,
MAT1101,MAT1101 10,2,2025,10,2,302-T5,7,10,
MAT1101,MAT1101 11,2,2025,10,3,302-T4,1,2,
MAT1101,MAT1101 12,2,2025,10,5,406-T5,7,8,
MAT1101,MAT1101 13,2,2025,10,5,302-T5,9,10,
MAT1101,MAT1101 2,2,2025,10,3,304-T4,9,10,
MAT1101,MAT1101 3,2,2025,10,5,302-T4,7,8,
MAT1101,MAT1101 4,2,2025,10,5,302-T4,9,10,
MAT1101,MAT1101 5,2,2025,10,3,203-T5,2,3,
MAT1101,MAT1101 6,2,2025,10,2,205-T5,5,6,
MAT1101,MAT1101 7,2,2025,10,4,202-T5,10,11,
MAT1101,MAT1101 8,2,2025,10,5,203-T4,7,8,
MAT1101,MAT1101 9,2,2025,10,2,308-T5,1,4,
MAT1192,MAT1192,2,2025,10,2,202-T4,1,3,
MAT1201,MAT1201,2,2025,10,2,104-T4,1,2,
MAT1202,MAT1202 1,2,2025,10,2,PM,7,9,
MAT1202,MAT1202 2,2,2025,10,2,PM,7,9,
MAT1202,MAT1202 3,2,2025,10,2,PM,10,12,
MAT1205E,MAT1205E 1,2,2025,10,4,205-T5,1,3,
MAT1205E,MAT1205E 2,2,2025,10,5,206-T5,3,5,
MAT1206E,MAT1206E 1,2,2025,10,5,PM,7,8,
MAT1206E,MAT1206E 2,2,2025,10,5,PM,9,10,
MAT1206E,MAT1206E 3,2,2025,10,5,PM,11,12,
MAT1206E,MAT1206E 4,2,2025,10,4,PM,1,2,
MAT1206E,MAT1206E 5,2,2025,10,4,PM,3,4,
MAT1206E,MAT1206E 6,2,2025,10,4,PM,5,6,
MAT1290,MAT1290 1 TN,2,2025,10,2,205-T5,9,11,
MAT1290,MAT1290 2 TN,2,2025,10,3,407-T5,4,6,
MAT1291,MAT1291 TN,2,2025,10,2,413-T5,9,11,
MAT2034,MAT2034 1,2,2025,10,3,513-T4,1,2,
MAT2034,MAT2034 2,2,2025,10,4,304-T4,1,2,
MAT2300,MAT2300 1,2,2025,10,6,304-T5,7,8,
MAT2300,MAT2300 2,2,2025,10,6,306-T5,7,8,
MAT2300,MAT2300 3,2,2025,10,4,404-T5,7,8,
MAT2300,MAT2300 4,2,2025,10,4,403-T5,7,8,
MAT2301,MAT2301,2,2025,10,2,103-T4,7,9,
MAT2302,MAT2302 1 TN,2,2025,10,2,413-T5,7,8,
MAT2302,MAT2302 2,2,2025,10,2,301-T5,7,8,
MAT2302,MAT2302 3,2,2025,10,2,309-T5,7,8,
MAT2302,MAT2302 4,2,2025,10,3,404-T5,9,10,
MAT2302,MAT2302 5,2,2025,10,3,403-T5,9,10,
MAT2302,MAT2302 8,2,2025,10,3,406-T5,7,9,
MAT2303,MAT2303,2,2025,10,2,306-T5,10,11,
MAT2304,MAT2304 1,2,2025,10,4,109-T5,1,3,
MAT2304,MAT2304 2,2,2025,10,4,111-T5,1,3,
MAT2304,MAT2304 3,2,2025,10,4,303-T5,1,3,
MAT2304,MAT2304 4,2,2025,10,4,304-T5,1,3,
MAT2304,MAT2304 5,2,2025,10,4,407-T5,1,3,
MAT2307,MAT2307 1 TN,2,2025,10,4,101-T5,2,4,
MAT2307,MAT2307 2,2,2025,10,2,104-T4,7,9,
MAT2313,MAT2313 TN,2,2025,10,6,413-T5,7,9,
MAT2314,MAT2314 1 TN,2,2025,10,4,211-T5,1,2,
MAT2314,MAT2314 2,2,2025,10,4,211-T5,4,6,
MAT2314,MAT2314 3,2,2025,10,2,304-T4,7,9,
MAT2315,MAT2315 1 TN,2,2025,10,3,309-T5,7,8,
MAT2315,MAT2315 2,2,2025,10,6,404-T5,7,8,
MAT2318,MAT2318 1,2,2025,10,2,PM,1,3,
MAT2318,MAT2318 2,2,2025,10,2,PM,4,6,
MAT2318,MAT2318 3,2,2025,10,2,PM,1,3,
MAT2320,MAT2320 TN,2,2025,10,3,513-T5,7,9,
MAT2322,MAT2322 TN,2,2025,10,3,514-T4,7,8,
MAT2323,MAT2323,2,2025,10,6,502-T3,1,2,
MAT2400,MAT2400 1,2,2025,10,3,502-T3,1,3,
MAT2400,MAT2400 2,2,2025,10,5,301-T5,7,9,
MAT2400,MAT2400 3,2,2025,10,5,303-T5,7,9,
MAT2405,MAT2405,2,2025,10,2,502-T3,4,5,
MAT2407,MAT2407 1,2,2025,10,3,402-T5,1,2,
MAT2407,MAT2407 2,2,2025,10,4,514-T4,4,5,
MAT2501,MAT2501 1,2,2025,10,5,301-T5,4,6,
MAT2501,MAT2501 2,2,2025,10,5,211-T5,4,6,
MAT2501,MAT2501 3,2,2025,10,3,401-T5,7,9,
MAT2501,MAT2501 4,2,2025,10,3,311-T5,7,9,
MAT2501,MAT2501 5,2,2025,10,6,403-T5,7,9,
MAT2501,MAT2501 6,2,2025,10,6,401-T5,7,9,
MAT2502,MAT2502,2,2025,10,4,104-T4,7,9,
MAT2503,MAT2503 1,2,2025,10,5,202-T5,1,3,
MAT2503,MAT2503 2,2,2025,10,4,208-T5,3,5,
MAT2503,MAT2503 3,2,2025,10,6,103-T4,3,5,
MAT2505,MAT2505 1,2,2025,10,5,PM,7,9,
MAT2505,MAT2505 2,2,2025,10,5,PM,7,9,
MAT2505,MAT2505 3,2,2025,10,5,PM,10,12,
MAT2505,MAT2505 4,2,2025,10,6,PM,7,9,
MAT2505,MAT2505 5,2,2025,10,6,PM,7,9,
MAT2505,MAT2505 6,2,2025,10,6,PM,10,12,
MAT2505,MAT2505 7,2,2025,10,2,PM,1,3,
MAT2505,MAT2505 8,2,2025,10,2,PM,1,3,
MAT2505,MAT2505 9,2,2025,10,2,PM,4,6,
MAT3148,MAT3148 1,2,2025,10,5,PM,1,2,
MAT3148,MAT3148 2,2,2025,10,5,PM,3,4,
MAT3148,MAT3148 3,2,2025,10,5,PM,5,6,
MAT3301,MAT3301 1,2,2025,10,5,207-T5,1,2,
MAT3301,MAT3301 2,2,2025,10,4,403-T5,3,4,
MAT3302,MAT3302 1 TN,2,2025,10,5,103-T4,10,11,
MAT3302,MAT3302 2,2,2025,10,2,103-T4,10,12,
MAT3304,MAT3304 TN,2,2025,10,2,311-T5,7,9,
MAT3305,MAT3305 1 TN,2,2025,10,6,104-T4,3,5,
MAT3305,MAT3305 2,2,2025,10,6,104-T4,3,5,
MAT3307,MAT3307 1 TN,2,2025,10,5,401-T5,7,9,
MAT3307,MAT3307 2,2,2025,10,6,204-T4,9,11,
MAT3311,MAT3311 1,2,2025,10,3,106-T5,1,3,
MAT3311,MAT3311 2 TN,2,2025,10,5,103-T4,1,3,
MAT3318,MAT3318,2,2025,10,2,101-T5,4,6,
MAT3321,MAT3321 1,2,2025,10,4,202-T5,4,6,
MAT3321,MAT3321 2 TN,2,2025,10,4,202-T5,4,6,
MAT3323,MAT3323 1,2,2025,10,4,202-T5,1,3,
MAT3323,MAT3323 2 TN,2,2025,10,4,202-T5,1,3,
MAT3325,MAT3325,2,2025,10,5,101-T5,4,6,
MAT3327,MAT3327 1,2,2025,10,3,208-T5,1,3,
MAT3327,MAT3327 2 TN,2,2025,10,3,208-T5,1,3,
MAT3334,MAT3334,2,2025,10,5,104-T5,7,9,
MAT3335,MAT3335,2,2025,10,5,107-T5,1,3,
MAT3339,MAT3339 TN,2,2025,10,3,309-T5,3,5,
MAT3341,MAT3341 TN,2,2025,10,5,309-T5,4,6,
MAT3345,MAT3345,2,2025,10,3,106-T5,4,6,
MAT3361,MAT3361,2,2025,10,2,206-T5,5,6,
MAT3364,MAT3364 TN,2,2025,10,2,404-T5,7,9,
MAT3365,MAT3365,2,2025,10,3,408-T5,3,4,
MAT3366,MAT3366,2,2025,10,2,408-T5,3,5,
MAT3373E,MAT3373E 1,2,2025,10,7,PM,1,2,
MAT3373E,MAT3373E 2,2,2025,10,7,PM,3,4,
MAT3373E,MAT3373E 3,2,2025,10,7,PM,5,6,
MAT3373E,MAT3373E 4,2,2025,10,7,PM,1,2,
MAT3373E,MAT3373E 5,2,2025,10,7,PM,3,4,
MAT3373E,MAT3373E 6,2,2025,10,7,PM,5,6,
MAT3379,MAT3379,2,2025,10,4,413-T5,1,2,
MAT3382,MAT3382 1,2,2025,10,6,PM,7,8,
MAT3382,MAT3382 2,2,2025,10,6,PM,9,10,
MAT3382,MAT3382 3,2,2025,10,6,PM,11,12,
MAT3383,MAT3383 1,2,2025,10,6,PM,1,2,
MAT3383,MAT3383 2,2,2025,10,6,PM,3,4,
MAT3383,MAT3383 3,2,2025,10,6,PM,5,6,
MAT3386,MAT3386,2,2025,10,5,104-T5,1,2,
MAT3391,MAT3391,2,2025,10,6,408-T5,7,8,
MAT3392,MAT3392,2,2025,10,2,202-T5,3,4,
MAT3393,MAT3393,2,2025,10,6,PM,9,10,
MAT3394,MAT3394,2,2025,10,4,301-T4,5,6,
MAT3399,MAT3399 1,2,2025,10,3,PM,7,9,
MAT3399,MAT3399 2,2,2025,10,3,PM,10,12,
MAT3406,MAT3406,2,2025,10,2,103-T5,1,2,
MAT3409,MAT3409,2,2025,10,3,205-T5,5,6,
MAT3418,MAT3418,2,2025,10,3,101-T5,10,11,
MAT3423,MAT3423,2,2025,10,2,103-T5,3,4,
MAT3452,MAT3452 1,2,2025,10,6,PM,1,2,
MAT3452,MAT3452 2,2,2025,10,6,PM,3,4,
MAT3452,MAT3452 3,2,2025,10,6,PM,5,6,
MAT3453,MAT3453,2,2025,10,2,104-T5,1,2,
MAT3456,MAT3456,2,2025,10,6,105-T5,7,9,
MAT3500,MAT3500 1,2,2025,10,4,308-T5,4,6,
MAT3500,MAT3500 2,2,2025,10,3,108-T5,4,6,
MAT3500,MAT3500 3,2,2025,10,4,105-T5,1,2,
MAT3505,MAT3505 1,2,2025,10,7,102T5,1,2,
MAT3505,MAT3505 2,2,2025,10,7,102T5,3,4,
MAT3505,MAT3505 3,2,2025,10,7,102T5,7,8,
MAT3505,MAT3505 4,2,2025,10,7,102T5,9,10,
MAT3506,MAT3506 1,2,2025,10,3,108-T5,1,3,
MAT3506,MAT3506 2,2,2025,10,3,204-T4,4,6,
MAT3507,MAT3507 1,2,2025,10,6,PM,1,3,
MAT3507,MAT3507 10,2,2025,10,3,PM,10,12,
MAT3507,MAT3507 2,2,2025,10,6,PM,1,3,
MAT3507,MAT3507 3,2,2025,10,6,PM,4,6,
MAT3507,MAT3507 4,2,2025,10,2,PM,7,9,
MAT3507,MAT3507 5,2,2025,10,2,PM,7,9,
MAT3507,MAT3507 6,2,2025,10,2,PM,10,12,
MAT3507,MAT3507 7,2,2025,10,3,PM,7,9,
MAT3507,MAT3507 8,2,2025,10,3,PM,7,9,
MAT3507,MAT3507 9,2,2025,10,3,PM,10,12,
MAT3508,MAT3508 1,2,2025,10,2,PM,1,2,
MAT3508,MAT3508 2,2,2025,10,2,PM,3,4,
MAT3508,MAT3508 3,2,2025,10,2,PM,5,6,
MAT3514,MAT3514 1,2,2025,10,2,PM,7,9,
MAT3514,MAT3514 10,2,2025,10,4,PM,10,12,
MAT3514,MAT3514 2,2,2025,10,2,PM,7,9,
MAT3514,MAT3514 3,2,2025,10,2,PM,10,12,
MAT3514,MAT3514 4,2,2025,10,2,PM,10,12,
MAT3514,MAT3514 5,2,2025,10,3,PM,7,9,
MAT3514,MAT3514 6,2,2025,10,3,PM,7,9,
MAT3514,MAT3514 7,2,2025,10,3,PM,10,12,
MAT3514,MAT3514 8,2,2025,10,4,PM,7,9,
MAT3514,MAT3514 9,2,2025,10,4,PM,7,9,
MAT3519,MAT3519 1,2,2025,10,4,PM,7,8,
MAT3519,MAT3519 2,2,2025,10,4,PM,9,10,
MAT3519,MAT3519 3,2,2025,10,4,PM,11,12,
MAT3533,MAT3533 1,2,2025,10,3,PM,7,8,
MAT3533,MAT3533 2,2,2025,10,3,PM,9,10,
MAT3533,MAT3533 3,2,2025,10,3,PM,11,12,
MAT3533,MAT3533 4,2,2025,10,6,PM,1,2,
MAT3533,MAT3533 5,2,2025,10,6,PM,3,4,
MAT3533,MAT3533 6,2,2025,10,6,PM,5,6,
MAT3533,MAT3533 7,2,2025,10,6,PM,1,2,
MAT3533,MAT3533 8,2,2025,10,3,PM,7,8,
MAT3534,MAT3534 1,2,2025,10,5,PM,7,8,
MAT3534,MAT3534 2,2,2025,10,5,PM,9,10,
MAT3535,MAT3535,2,2025,10,5,404-T5,7,8,
MAT3539,MAT3539,2,2025,10,3,402-T5,3,4,
MAT3542,MAT3542 1,2,2025,10,5,PM+DN,1,2,
MAT3542,MAT3542 2,2,2025,10,5,PM+DN,3,4,
MAT3542,MAT3542 3,2,2025,10,5,PM+DN,5,6,
MAT3545,MAT3545,2,2025,10,3,PM,7,8,
MAT3557,MAT3557 1,2,2025,10,3,PM,1,2,
MAT3557,MAT3557 2,2,2025,10,3,PM,3,4,
MAT3557,MAT3557 3,2,2025,10,3,PM,5,6,
MAT3557,MAT3557 4,2,2025,10,5,PM,1,2,
MAT3557,MAT3557 5,2,2025,10,5,PM,3,4,
MAT3557,MAT3557 6,2,2025,10,5,PM,5,6,
MAT3561E,MAT3561E 1,2,2025,10,5,PM,1,2,
MAT3561E,MAT3561E 2,2,2025,10,5,PM,3,4,
MAT3561E,MAT3561E 3,2,2025,10,5,PM,5,6,
MAT3562,MAT3562 1,2,2025,10,4,PM,9,10,
MAT3562,MAT3562 2,2,2025,10,4,PM,11,12,
MAT3562E,MAT3562E 3,2,2025,10,5,PM,7,8,
MAT3562E,MAT3562E 4,2,2025,10,5,PM,9,10,
MAT3562E,MAT3562E 5,2,2025,10,5,PM,11,12,
MAT3563,MAT3563 1,2,2025,10,4,PM,11,12,
MAT3563,MAT3563 2,2,2025,10,4,PM,7,8,
MAT3563,MAT3563 3,2,2025,10,4,PM,9,10,
MAT3565,MAT3565 1,2,2025,10,5,PM,1,2,
MAT3565,MAT3565 2,2,2025,10,5,PM,3,4,
MAT3565,MAT3565 3,2,2025,10,5,PM,3,4,
PEC1008,PEC1008 1,2,2025,10,2,207-T5,3,4,
PEC1008,PEC1008 2,2,2025,10,2,207-T5,5,6,
PEC1008,PEC1008 3,2,2025,10,5,201-T5,3,4,
PEC1008,PEC1008 4,2,2025,10,5,201-T5,5,6,
PEC1008,PEC1008 5,2,2025,10,6,208-T5,3,4,
PEC1008,PEC1008 6,2,2025,10,6,208-T5,5,6,
PEC1008,PEC1008 7,2,2025,10,6,303-T4,7,8,
PHI1002,PHI1002 1,2,2025,10,4,301-T5,7,8,
PHI1002,PHI1002 2,2,2025,10,4,301-T5,9,10,
PHI1002,PHI1002 3,2,2025,10,2,301-T5,3,4,
PHI1002,PHI1002 4,2,2025,10,2,301-T5,5,6,
PHI1002,PHI1002 5,2,2025,10,6,301-T5,3,4,
PHI1002,PHI1002 6,2,2025,10,6,301-T5,5,6,
PHI1002,PHI1002 7,2,2025,10,5,311-T5,3,4,
PHI1002,PHI1002 8,2,2025,10,5,311-T5,5,6,
PHI1006,PHI1006 1,2,2025,10,3,211-T5,10,12,
PHI1006,PHI1006 10,2,2025,10,4,202-T4,7,9,
PHI1006,PHI1006 11,2,2025,10,3,502-T3,9,11,
PHI1006,PHI1006 12,2,2025,10,3,406-T5,1,3,
PHI1006,PHI1006 2,2,2025,10,4,202-T4,10,12,
PHI1006,PHI1006 3,2,2025,10,5,204-T4,7,9,
PHI1006,PHI1006 4,2,2025,10,6,202-T5,7,9,
PHI1006,PHI1006 5,2,2025,10,4,202-T5,7,9,
PHI1006,PHI1006 6,2,2025,10,4,302-T4,9,11,
PHI1006,PHI1006 7,2,2025,10,5,201-T5,7,9,
PHI1006,PHI1006 8,2,2025,10,5,203-T4,1,3,
PHI1006,PHI1006 9,2,2025,10,5,203-T4,4,6,
PHY1050,PHY1050 1,2,2025,10,6,301-T4,7,8,
PHY1050,PHY1050 2,2,2025,10,3,104-T5,9,10,
PHY1050,PHY1050 3,2,2025,10,2,106-T5,9,10,
PHY1050,PHY1050 4,2,2025,10,2,205-T5,7,8,
PHY1050,PHY1050 5,2,2025,10,2,208-T5,7,8,
PHY1050,PHY1050 6,2,2025,10,3,203-T4,1,2,
PHY1050,PHY1050 7,2,2025,10,5,403-T5,1,2,
PHY1050,PHY1050 8,2,2025,10,3,303-T4,9,10,
PHY1066,PHY1066 TN,2,2025,10,4,311-T5,9,10,
PHY1100,PHY1100 1,2,2025,10,3,201-T4,1,2,
PHY1100,PHY1100 2,2,2025,10,3,201-T4,3,4,
PHY1100,PHY1100 3,2,2025,10,5,301-T4,9,10,
PHY1100,PHY1100 4,2,2025,10,2,211-T5,3,6,
PHY1100,PHY1100 5,2,2025,10,6,201-T4,3,6,
PHY1100,PHY1100 6,2,2025,10,4,311-T5,3,6,
PHY1103,PHY1103 1,2,2025,10,4,308-T5,7,10,
PHY1103,PHY1103 2,2,2025,10,5,304-T4,3,6,
PHY1103,PHY1103 3,2,2025,10,5,304-T4,7,10,
PHY1104,PHY1104 1,2,2025,10,2,807T5,2,5,
PHY1104,PHY1104 10,2,2025,10,6,807T5,7,9,
PHY1104,PHY1104 2,2,2025,10,2,807T5,7,9,
PHY1104,PHY1104 3,2,2025,10,3,807T5,2,5,
PHY1104,PHY1104 4,2,2025,10,3,807T5,7,9,
PHY1104,PHY1104 5,2,2025,10,4,807T5,2,5,
PHY1104,PHY1104 6,2,2025,10,4,807T5,7,9,
PHY1104,PHY1104 7,2,2025,10,5,807T5,2,5,
PHY1104,PHY1104 8,2,2025,10,5,807T5,7,9,
PHY1104,PHY1104 9,2,2025,10,6,807T5,2,5,
PHY1106,PHY1106,2,2025,10,4,407-T5,7,10,
PHY1107,PHY1107 1,2,2025,10,4,303-T4,5,6,
PHY1107,PHY1107 2,2,2025,10,4,303-T4,1,2,
PHY1107,PHY1107 3,2,2025,10,4,203-T4,3,4,
PHY1107,PHY1107 4,2,2025,10,2,502-T3,9,10,
PHY1107,PHY1107 5,2,2025,10,3,303-T4,7,8,
PHY1107,PHY1107 6,2,2025,10,3,509-T3,9,10,
PHY1107,PHY1107 7,2,2025,10,5,104-T4,7,8,
PHY1109,PHY1109 1,2,2025,10,3,102-T4,11,12,
PHY1109,PHY1109 2,2,2025,10,2,107-T5,5,6,
PHY1109,PHY1109 3,2,2025,10,4,107-T5,1,2,
PHY1109,PHY1109 4 TN,2,2025,10,2,310-T5,7,8,
PHY1109,PHY1109 5,2,2025,10,2,408-T5,1,2,
PHY1110,PHY1110,2,2025,10,5,101-T5,10,11,
PHY1159,PHY1159 1 TN,2,2025,10,6,209-T5,4,6,
PHY1159,PHY1159 2,2,2025,10,5,202-T4,7,9,
PHY1159,PHY1159 3,2,2025,10,5,202-T4,10,12,
PHY1159,PHY1159 4,2,2025,10,6,202-T4,9,11,
PHY1159,PHY1159 5 CLC,2,2025,10,5,404-T5,4,6,
PHY1301,PHY1301 TN,2,2025,10,2,413-T5,1,3,
PHY1304,PHY1304 TN,2,2025,10,3,310-T5,1,3,
PHY1308,PHY1308 2 TN,2,2025,10,3,120T1,1,6,
PHY1309,PHY1309 1,2,2025,10,3,206 EFT1,7,10,
PHY1309,PHY1309 2 TN,2,2025,10,6,101T1,7,10,
PHY1310,PHY1310 1 TN,2,2025,10,5,120T1,1,3,
PHY1310,PHY1310 2,2,2025,10,2,120T1,4,6,
PHY1311,PHY1311 TN,2,2025,10,5,205T1,7,9,
PHY1312,PHY1312 1,2,2025,10,3,101T1,1,4,
PHY1312,PHY1312 2 TN,2,2025,10,4,101T1,7,10,
PHY1313,PHY1313 TN,2,2025,10,2,308CT1,7,10,
PHY1314,PHY1314 1,2,2025,10,6,502-T3,5,6,
PHY1314,PHY1314 2,2,2025,10,5,408-T5,9,10,
PHY1314,PHY1314 3,2,2025,10,6,105-T5,5,6,
PHY1314,PHY1314 4,2,2025,10,4,201-T4,5,6,
PHY1319,PHY1319,2,2025,10,2,208-T5,1,3,
PHY1321,PHY1321,2,2025,10,2,308GT1,7,8,
PHY1322,PHY1322,2,2025,10,3,101-T5,1,4,
PHY1323,PHY1323,2,2025,10,4,107-T5,7,8,
PHY1334,PHY1334,2,2025,10,2,208FT1,1,2,
PHY1335,PHY1335,2,2025,10,4,206 EFT1,1,2,
PHY1340,PHY1340,2,2025,10,5,106-T5,4,6,
PHY1341,PHY1341 1 TN,2,2025,10,5,220AT1,4,6,
PHY1341,PHY1341 2,2,2025,10,5,502-T3,10,12,
PHY1348,PHY1348 1,2,2025,10,3,402-T5,5,6,
PHY1348,PHY1348 2,2,2025,10,6,408-T5,5,6,
PHY1348,PHY1348 3,2,2025,10,2,202-T5,5,6,
PHY1349,PHY1349,2,2025,10,5,220AT1,7,12,
PHY1350,PHY1350,2,2025,10,7,107T1,1,6,
PHY1359,PHY1359,2,2025,10,3,220AT1,5,6,
PHY2004,PHY2004,2,2025,10,3,201-T4,5,6,
PHY2064,PHY2064 1,2,2025,10,5,513-T4,7,9,
PHY2064,PHY2064 2,2,2025,10,4,206-T5,9,11,
PHY2166,PHY2166 TN,2,2025,10,3,BM,9,10,
PHY2201,PHY2201,2,2025,10,5,501-T3,7,10,
PHY2206,PHY2206 1,2,2025,10,4,108T3,7,8,
PHY2206,PHY2206 2,2,2025,10,4,108T3,9,10,
PHY2206,PHY2206 3,2,2025,10,2,108T3,9,10,
PHY2301,PHY2301 TN,2,2025,10,2,313-T5,7,9,
PHY2302,PHY2302,2,2025,10,6,407-T5,1,4,
PHY2303,PHY2303 1,2,2025,10,2,501-T3,7,9,
PHY2303,PHY2303 2 TN,2,2025,10,2,310-T5,9,11,
PHY2304,PHY2304 1,2,2025,10,6,501-T3,3,6,
PHY2304,PHY2304 2,2,2025,10,6,501-T3,7,10,
PHY2306,PHY2306,2,2025,10,2,403-T5,7,9,
PHY2307,PHY2307 1,2,2025,10,3,801T5,1,4,
PHY2307,PHY2307 10,2,2025,10,5,801T5,7,10,
PHY2307,PHY2307 2,2,2025,10,4,801T5,1,4,
PHY2307,PHY2307 3,2,2025,10,5,801T5,1,4,
PHY2307,PHY2307 4,2,2025,10,6,801T5,1,4,
PHY2307,PHY2307 5,2,2025,10,6,801T5,7,10,
PHY2307,PHY2307 6,2,2025,10,2,801T5,7,10,
PHY2307,PHY2307 7,2,2025,10,3,801T5,7,10,
PHY2307,PHY2307 8,2,2025,10,4,801T5,7,10,
PHY2307,PHY2307 9,2,2025,10,2,801T5,1,4,
PHY2308,PHY2308 1,2,2025,10,2,106T3,1,4,
PHY2308,PHY2308 2,2,2025,10,3,106T3,1,4,
PHY2308,PHY2308 3 TN,2,2025,10,4,106T3,1,4,
PHY2308,PHY2308 4,2,2025,10,2,106T3,7,10,
PHY2308,PHY2308 5,2,2025,10,3,106T3,7,10,
PHY2308,PHY2308 6,2,2025,10,5,106T3,1,4,
PHY2308,PHY2308 7,2,2025,10,5,106T3,7,10,
PHY2308,PHY2308 8,2,2025,10,4,106T3,7,10,
PHY2404,PHY2404 TN,2,2025,10,2,310-T5,3,5,
PHY2504,PHY2504 1 TN,2,2025,10,4,206 EFT1,9,10,
PHY2504,PHY2504 2,2,2025,10,3,308GT1,11,12,
PHY2504,PHY2504 3,2,2025,10,5,308GT1,5,6,
PHY2504,PHY2504 4,2,2025,10,6,308GT1,3,4,
PHY2504,PHY2504 5,2,2025,10,3,308GT1,3,4,
PHY2504,PHY2504 6,2,2025,10,3,308GT1,1,2,
PHY2504,PHY2504 7,2,2025,10,5,308GT1,7,8,
PHY3126,PHY3126 TN,2,2025,10,5,104T1,1,4,
PHY3161,PHY3161,2,2025,10,4,304-T5,9,10,
PHY3169,PHY3169,2,2025,10,3,302-T5,1,2,
PHY3173,PHY3173,2,2025,10,5,309-T5,7,9,
PHY3296,PHY3296 1,2,2025,10,5,BM,1,6,
PHY3296,PHY3296 2,2,2025,10,6,BM,7,12,
PHY3296,PHY3296 3 TN,2,2025,10,6,BM,1,5,
PHY3296,PHY3296 4,2,2025,10,6,BM,7,12,
PHY3301,PHY3301,2,2025,10,4,501-T3,3,6,
PHY3329,PHY3329 1 TN,2,2025,10,5,205T1,1,4,
PHY3329,PHY3329 2,2,2025,10,3,201T1,1,2,
PHY3335,PHY3335 1,2,2025,10,4,208FT1,7,8,
PHY3335,PHY3335 2,2,2025,10,4,208FT1,11,12,
PHY3337,PHY3337 TN,2,2025,10,2,104T1,1,4,
PHY3346,PHY3346 1 TN,2,2025,10,2,220AT1,1,4,
PHY3346,PHY3346 2,2,2025,10,2,220AT1,9,10,
PHY3346,PHY3346 3,2,2025,10,6,205-T5,5,6,
PHY3348,PHY3348,2,2025,10,6,220AT1,3,4,
PHY3351,PHY3351 1,2,2025,10,3,120T1,10,12,
PHY3351,PHY3351 2,2,2025,10,3,220AT1,9,11,
PHY3351,PHY3351 3 TN,2,2025,10,5,120T1,7,9,
PHY3351,PHY3351 4,2,2025,10,3,304-T4,3,5,
PHY3353,PHY3353,2,2025,10,3,120T1,7,9,
PHY3356,PHY3356 1,2,2025,10,4,201T1,1,5,
PHY3356,PHY3356 2 TN,2,2025,10,3,205T1,1,5,
PHY3357,PHY3357 TN,2,2025,10,3,104T1,7,8,
PHY3359,PHY3359,2,2025,10,6,103T1,1,5,
PHY3362,PHY3362 TN,2,2025,10,2,208GT1,1,4,
PHY3363,PHY3363 TN,2,2025,10,4,208GT1,10,12,
PHY3364,PHY3364 1,2,2025,10,2,210T1,2,5,
PHY3364,PHY3364 2,2,2025,10,4,210T1,1,4,
PHY3368,PHY3368 TN,2,2025,10,6,208GT1,1,3,
PHY3371,PHY3371,2,2025,10,4,311-T5,7,8,
PHY3372,PHY3372 TN,2,2025,10,6,208GT1,7,10,
PHY3380,PHY3380 TN,2,2025,10,3,308CT1,1,4,
PHY3390,PHY3390 1 TN,2,2025,10,5,205T1,10,12,
PHY3390,PHY3390 2,2,2025,10,3,201T1,9,11,
PHY3391,PHY3391 1,2,2025,10,2,201T1,4,6,
PHY3391,PHY3391 2 TN,2,2025,10,6,205T1,7,10,
PHY3392,PHY3392 1,2,2025,10,5,101T1,7,10,
PHY3392,PHY3392 2 TN,2,2025,10,6,104T1,1,4,
PHY3398,PHY3398 TN,2,2025,10,4,208GT1,7,9,
PHY3401,PHY3401 1,2,2025,10,3,201T1,3,4,
PHY3401,PHY3401 2 TN,2,2025,10,6,205T1,1,4,
PHY3404,PHY3404,2,2025,10,4,103T1,3,6,
PHY3419,PHY3419,2,2025,10,5,103T1,7,10,
PHY3422,PHY3422 TN,2,2025,10,6,120T1,1,4,
PHY3426,PHY3426,2,2025,10,6,111-T5,5,6,
PHY3427,PHY3427,2,2025,10,6,101-T5,1,2,
PHY3432,PHY3432 TN,2,2025,10,5,308CT1,7,10,
PHY3434,PHY3434,2,2025,10,2,209T1,9,10,
PHY3437,PHY3437 1,2,2025,10,4,408FT1,1,3,
PHY3437,PHY3437 2,2,2025,10,3,408FT1,10,12,
PHY3439,PHY3439,2,2025,10,5,BM,1,6,
PHY3448,PHY3448,2,2025,10,2,220AT1,7,8,
PHY3503,PHY3503 1,2,2025,10,3,509-T3,7,8,
PHY3503,PHY3503 2,2,2025,10,3,513-T4,7,8,
PHY3503,PHY3503 3,2,2025,10,4,406-T5,3,4,
PHY3506,PHY3506 TN,2,2025,10,2,106-T5,1,2,
PHY3507,PHY3507 1,2,2025,10,2,BM,7,8,
PHY3507,PHY3507 2,2,2025,10,2,BM,7,8,
PHY3510,PHY3510 1,2,2025,10,3,302-T4,5,6,
PHY3510,PHY3510 2 TN,2,2025,10,2,514-T4,7,8,
PHY3512,PHY3512,2,2025,10,5,213T1,5,6,
PHY3513,PHY3513 TN,2,2025,10,4,104T1,7,10,
PHY3515,PHY3515,2,2025,10,3,103T1,7,10,
PHY3522,PHY3522,2,2025,10,3,108T3,3,4,
PHY3525,PHY3525 TN,2,2025,10,5,104T1,7,10,
PHY3526,PHY3526,2,2025,10,3,103T1,3,6,
PHY3527,PHY3527,2,2025,10,4,206 EFT1,7,8,
PHY3605,PHY3605 TN,2,2025,10,2,313-T5,3,5,
PHY3606,PHY3606,2,2025,10,2,406-T5,10,12,
PHY3609,PHY3609 TN,2,2025,10,4,108T3,3,4,
PHY3610,PHY3610,2,2025,10,3,304-T4,1,2,
PHY3611,PHY3611 TN,2,2025,10,3,208GT1,1,6,
PHY3620,PHY3620,2,2025,10,6,108T3,7,10,
PHY3620,PHY3620 1,2,2025,10,5,108T3,1,4,
PHY3620,PHY3620 3,2,2025,10,3,108T3,7,10,
PHY3622,PHY3622,2,2025,10,2,205-T5,3,4,
PHY3626,PHY3626 1,2,2025,10,5,308GT1,9,10,
PHY3626,PHY3626 2,2,2025,10,5,308GT1,3,4,
PHY3626,PHY3626 3,2,2025,10,5,308GT1,1,2,
PHY3628,PHY3628,2,2025,10,2,308CT1,9,10,
PHY3630,PHY3630,2,2025,10,2,308GT1,1,2,
PHY3631,PHY3631 1,2,2025,10,4,402-T5,1,2,
PHY3631,PHY3631 2,2,2025,10,4,204-T5,5,6,
PHY3640,PHY3640,2,2025,10,6,208FT1,1,4,
PHY3645,PHY3645,2,2025,10,4,308CT1,1,6,
PHY3648,PHY3648,2,2025,10,4,216T1,7,8,
PHY3649,PHY3649,2,2025,10,2,216T1,1,6,
PHY3651,PHY3651,2,2025,10,5,216T1,5,6,
PHY3652,PHY3652,2,2025,10,6,216T1,1,2,
PHY3653,PHY3653,2,2025,10,2,216T1,10,11,
PHY3660,PHY3660,2,2025,10,3,204T2,3,4,
PHY3661,PHY3661,2,2025,10,5,208FT1,3,6,
PHY3664,PHY3664,2,2025,10,3,216T1,11,12,
PHY3700,PHY3700 1,2,2025,10,3,104-T5,7,8,
PHY3700,PHY3700 2,2,2025,10,3,102-T4,7,8,
PHY3707,PHY3707,2,2025,10,6,220AT1,7,10,
PHY3712,PHY3712,2,2025,10,4,120T1,7,9,
PHY3802,PHY3802,2,2025,10,4,408T1,10,12,
PHY3803,PHY3803,2,2025,10,3,301-T5,9,10,
PHY3804,PHY3804 1,2,2025,10,6,208AT1,7,10,
PHY3804,PHY3804 2,2,2025,10,4,208AT1,3,6,
PHY3811,PHY3811,2,2025,10,2,208FT1,5,6,
PHY3812,PHY3812,2,2025,10,5,208FT1,7,8,
POL1001,POL1001 1,2,2025,10,2,407-T5,3,4,
POL1001,POL1001 10,2,2025,10,2,407-T5,5,6,
POL1001,POL1001 2,2,2025,10,2,407-T5,7,8,
POL1001,POL1001 3,2,2025,10,2,407-T5,9,10,
POL1001,POL1001 4,2,2025,10,4,302-T5,7,8,
POL1001,POL1001 5,2,2025,10,4,302-T5,9,10,
POL1001,POL1001 6,2,2025,10,5,308-T5,3,4,
POL1001,POL1001 7,2,2025,10,5,308-T5,5,6,
POL1001,POL1001 8,2,2025,10,5,308-T5,7,8,
POL1001,POL1001 9,2,2025,10,5,308-T5,9,10,
THL1057,THL1057 1,2,2025,10,4,Trực tuyến,4,5,
THL1057,THL1057 2,2,2025,10,2,Trực tuyến,2,3,
THL1057,THL1057 3,2,2025,10,6,Trực tuyến,5,6,
THL1057,THL1057 4,2,2025,10,6,Trực tuyến,2,3,
THL1057,THL1057 5,2,2025,10,2,Trực tuyến,10,11,
VNU1001,VNU1001 1,2,2025,10,6,Trực tuyến,4,6,
VNU1001,VNU1001 2,2,2025,10,2,Trực tuyến,4,6,
VNU1001,VNU1001 3,2,2025,10,6,Trực tuyến,1,3,
VNU1001,VNU1001 4,2,2025,10,5,Trực tuyến,1,3,
VNU1001,VNU1001 5,2,2025,10,2,Trực tuyến,7,9,